session,side,target,start_ts,end_ts,completion_ts,completion_type,n_ticks,max_reload,max_defense,regime_clear_count,regime_count,node_sequence,footprint,completion_spot,mfe_600,mae_600,censored
20260820,LONG,24255.0,1787197775.829,1787198697.331,1787197896.08,ACCEPTED,1813,5,80,0,40,BUILDING > WATCH > BUILDING > WATCH > BUILDING > CLEARING > WATCH > BUILDING > WATCH > BUILDING > WATCH > CLEARING > WATCH > CLEARING > WATCH > CLEARING > WATCH > CLEARING > WATCH > CLEARING > WATCH > CLEARING > WATCH > CLEARING > WATCH > CLEARING > RELOAD > DEFENSE > CLEARING > RELOAD > DEFENSE > BUILDING > DEFENSE > WATCH > CLEARING > DEFENSE > WATCH > CLEARING > DEFENSE > WATCH > BUILDING > DEFENSE > CLEARING > DEFENSE > WATCH > CLEARING > DEFENSE > WATCH > CLEARING > DEFENSE > CLEARING > DEFENSE > WATCH > CLEARING > DEFENSE > WATCH > CLEARING > DEFENSE > WATCH > BUILDING > RELOAD > DEFENSE > WATCH > CLEARING > DEFENSE > WATCH > CLEARING > DEFENSE > WATCH > CLEARING > DEFENSE > CLEARING > DEFENSE > RELOAD > DEFENSE > CLEARING > DEFENSE > WATCH > BUILDING > DEFENSE > CLEARING > DEFENSE > WATCH > CLEARING > DEFENSE > WATCH > RELOAD > WATCH > CLEARING > DEFENSE > WATCH > CLEARING > DEFENSE > CLEARING > DEFENSE > CLEARING > DEFENSE > WATCH > CLEARING > DEFENSE > WATCH > CLEARING > DEFENSE > CLEARING > DEFENSE > WATCH > CLEARING > DEFENSE > CLEARING > DEFENSE > ACCEPTED,N4_REPEATED_RELOAD_DEFENSE,24261.05,0.7000000000007276,-15.849999999998545,False
20260820,LONG,24265.0,1787198697.83,1787200843.838,1787198706.331,ACCEPTED,4238,4,14,0,3,BUILDING > RELOAD > DEFENSE > RELOAD > DEFENSE > RELOAD > DEFENSE > CLEARING > RELOAD > DEFENSE > CLEARING > DEFENSE > ACCEPTED,N4_REPEATED_RELOAD_DEFENSE,24268.45,4.950000000000728,-13.350000000002183,False
20260820,LONG,24270.0,1787197564.946,1787197775.33,,NONE,420,7,35,0,270,WATCH > BUILDING > WATCH > RELOAD > WATCH > RELOAD > WATCH > RELOAD > WATCH > BUILDING > DEFENSE > WATCH > BUILDING > DEFENSE > WATCH > CLEARING > DEFENSE > WATCH > CLEARING > DEFENSE > WATCH > RELOAD > BUILDING > DEFENSE > WATCH > RELOAD > BUILDING > DEFENSE > WATCH > CLEARING > DEFENSE > CLEARING > DEFENSE > WATCH > BUILDING > DEFENSE > WATCH > BUILDING > DEFENSE > WATCH > CLEARING > DEFENSE > WATCH,OTHER,24246.6,,,
20260820,LONG,24270.0,1787201806.088,1787202871.841,1787201807.088,ACCEPTED,2126,0,0,0,1,BUILDING > CLEARING > ACCEPTED,N1_DIRECT,24274.2,1.5999999999985448,-11.75,False
20260820,LONG,24275.0,1787200844.336,1787201122.336,1787200855.336,ACCEPTED,551,2,16,0,3,BUILDING > RELOAD > DEFENSE > BUILDING > DEFENSE > CLEARING > DEFENSE > RELOAD > DEFENSE > CLEARING > DEFENSE > ACCEPTED,N4_REPEATED_RELOAD_DEFENSE,24279.4,8.149999999997817,-6.650000000001455,False
20260820,LONG,24285.0,1787201122.841,1787201805.59,,NONE,1364,100,1319,0,185,BUILDING > RELOAD > DEFENSE > BUILDING > DEFENSE > RELOAD > DEFENSE > RELOAD > DEFENSE > CLEARING > DEFENSE > RELOAD > DEFENSE > CLEARING > DEFENSE > BUILDING > DEFENSE > BUILDING > RELOAD > DEFENSE > CLEARING > DEFENSE > RELOAD > DEFENSE > CLEARING > DEFENSE > RELOAD > DEFENSE > BUILDING > DEFENSE > CLEARING > DEFENSE > CLEARING > DEFENSE > RELOAD > DEFENSE > CLEARING > DEFENSE > CLEARING > RELOAD > DEFENSE > CLEARING > DEFENSE > BUILDING > DEFENSE > CLEARING > DEFENSE > RELOAD > DEFENSE > CLEARING > DEFENSE > RELOAD > DEFENSE > BUILDING > DEFENSE > BUILDING > RELOAD > DEFENSE > CLEARING > DEFENSE > RELOAD > DEFENSE > BUILDING > DEFENSE > RELOAD > DEFENSE > BUILDING > DEFENSE > RELOAD > DEFENSE > CLEARING > DEFENSE > RELOAD > DEFENSE > CLEARING > DEFENSE > RELOAD > DEFENSE > BUILDING > DEFENSE > CLEARING > DEFENSE > RELOAD > DEFENSE > CLEARING > DEFENSE > RELOAD > DEFENSE > BUILDING > DEFENSE > RELOAD > DEFENSE > CLEARING > DEFENSE > CLEARING > RELOAD > DEFENSE > RELOAD > DEFENSE > CLEARING > DEFENSE > RELOAD > DEFENSE > CLEARING > DEFENSE > BUILDING > DEFENSE > CLEARING > DEFENSE > CLEARING > DEFENSE > RELOAD > DEFENSE > CLEARING > RELOAD > DEFENSE > CLEARING > DEFENSE > RELOAD > DEFENSE > CLEARING > DEFENSE > RELOAD > DEFENSE > CLEARING > DEFENSE > CLEARING > RELOAD > DEFENSE > CLEARING > RELOAD > DEFENSE > BUILDING > DEFENSE > CLEARING > DEFENSE > RELOAD > DEFENSE > CLEARING > DEFENSE > RELOAD > DEFENSE > CLEARING > DEFENSE > RELOAD > DEFENSE > RELOAD > DEFENSE > CLEARING > DEFENSE > BUILDING > DEFENSE > RELOAD > DEFENSE > BUILDING > DEFENSE > CLEARING > DEFENSE > RELOAD > DEFENSE > BUILDING > DEFENSE > CLEARING > DEFENSE > CLEARING > DEFENSE > CLEARING > DEFENSE > CLEARING > DEFENSE > CLEARING > DEFENSE > RELOAD > DEFENSE > CLEARING > DEFENSE > RELOAD > DEFENSE > CLEARING > DEFENSE > CLEARING > DEFENSE > RELOAD > DEFENSE > CLEARING > DEFENSE > CLEARING > RELOAD > DEFENSE > CLEARING > DEFENSE > CLEARING > DEFENSE > CLEARING > DEFENSE > CLEARING > RELOAD > DEFENSE > RELOAD > DEFENSE > CLEARING > DEFENSE > RELOAD > DEFENSE > RELOAD > DEFENSE > CLEARING > DEFENSE > RELOAD > DEFENSE > BUILDING > DEFENSE > CLEARING > DEFENSE > CLEARING > RELOAD > DEFENSE > BUILDING > DEFENSE > RELOAD > DEFENSE > BUILDING > DEFENSE > RELOAD > DEFENSE > BUILDING > DEFENSE > CLEARING > DEFENSE > CLEARING > DEFENSE > CLEARING > DEFENSE > RELOAD > DEFENSE > CLEARING > DEFENSE > CLEARING > DEFENSE > CLEARING > DEFENSE > CLEARING > DEFENSE > RELOAD > DEFENSE > CLEARING > DEFENSE > RELOAD > DEFENSE > CLEARING > DEFENSE > CLEARING > DEFENSE > RELOAD > DEFENSE > CLEARING > DEFENSE > CLEARING > RELOAD > DEFENSE > BUILDING > DEFENSE > BUILDING > RELOAD > DEFENSE > CLEARING > DEFENSE > RELOAD > DEFENSE > CLEARING > DEFENSE > RELOAD > DEFENSE > BUILDING > DEFENSE > BUILDING > DEFENSE > RELOAD > DEFENSE > CLEARING > DEFENSE > RELOAD > DEFENSE > CLEARING > DEFENSE > RELOAD > DEFENSE > BUILDING > DEFENSE > WATCH > RELOAD > BUILDING > DEFENSE > RELOAD > DEFENSE > BUILDING > DEFENSE > BUILDING > DEFENSE > BUILDING > DEFENSE > RELOAD > DEFENSE > RELOAD > DEFENSE > BUILDING > DEFENSE > WATCH > BUILDING > DEFENSE > BUILDING > RELOAD > DEFENSE > BUILDING > DEFENSE > BUILDING > RELOAD > DEFENSE > BUILDING > DEFENSE > RELOAD > DEFENSE > CLEARING > DEFENSE > WATCH > RELOAD > BUILDING > DEFENSE > BUILDING > DEFENSE > CLEARING > DEFENSE > CLEARING > DEFENSE > RELOAD > DEFENSE > CLEARING > DEFENSE > RELOAD > DEFENSE > WATCH > BUILDING > DEFENSE > BUILDING > DEFENSE > RELOAD > DEFENSE > BUILDING > RELOAD > DEFENSE > BUILDING > DEFENSE > RELOAD > DEFENSE > CLEARING > DEFENSE > CLEARING > DEFENSE > RELOAD > DEFENSE > BUILDING > DEFENSE > RELOAD > DEFENSE > BUILDING > DEFENSE > CLEARING > DEFENSE > RELOAD > DEFENSE > BUILDING > DEFENSE > RELOAD > DEFENSE > CLEARING > DEFENSE > CLEARING > DEFENSE > RELOAD > DEFENSE > CLEARING > DEFENSE > BUILDING > DEFENSE > RELOAD > DEFENSE > BUILDING > DEFENSE > CLEARING > DEFENSE > CLEARING > RELOAD > DEFENSE > CLEARING > DEFENSE > RELOAD > DEFENSE > CLEARING > RELOAD > DEFENSE > BUILDING > DEFENSE > RELOAD > DEFENSE > BUILDING > DEFENSE > WATCH > BUILDING > DEFENSE > BUILDING > DEFENSE > BUILDING > RELOAD > DEFENSE > WATCH > BUILDING > DEFENSE > BUILDING > DEFENSE > BUILDING > RELOAD > DEFENSE > BUILDING > RELOAD > DEFENSE > BUILDING > DEFENSE > BUILDING > DEFENSE > BUILDING > DEFENSE > RELOAD > DEFENSE > BUILDING > DEFENSE > BUILDING > RELOAD > DEFENSE > WATCH > BUILDING > DEFENSE > BUILDING > DEFENSE > BUILDING > RELOAD > DEFENSE > BUILDING > DEFENSE > WATCH > BUILDING > DEFENSE > BUILDING > DEFENSE > CLEARING > DEFENSE > CLEARING > DEFENSE > CLEARING > DEFENSE > CLEARING > DEFENSE > WATCH > CLEARING > DEFENSE > CLEARING > DEFENSE > CLEARING > DEFENSE > CLEARING > DEFENSE > CLEARING > DEFENSE > RELOAD > DEFENSE > CLEARING > DEFENSE > RELOAD > DEFENSE > BUILDING > DEFENSE > CLEARING > DEFENSE > CLEARING > DEFENSE > RELOAD > DEFENSE > CLEARING > DEFENSE > CLEARING > DEFENSE > BUILDING > DEFENSE > CLEARING > DEFENSE > CLEARING > DEFENSE > CLEARING > DEFENSE > CLEARING > DEFENSE > CLEARING > DEFENSE > CLEARING > DEFENSE > CLEARING > DEFENSE > WATCH > CLEARING > DEFENSE > CLEARING > DEFENSE > CLEARING > DEFENSE > CLEARING > DEFENSE > CLEARING > DEFENSE > CLEARING > DEFENSE > CLEARING > DEFENSE > CLEARING > DEFENSE > CLEARING > DEFENSE > CLEARING > DEFENSE > CLEARING > DEFENSE > CLEARING > DEFENSE > CLEARING > DEFENSE > CLEARING > DEFENSE > CLEARING > DEFENSE > WATCH > CLEARING > DEFENSE > WATCH > CLEARING > DEFENSE > CLEARING > DEFENSE > CLEARING > DEFENSE > WATCH > RELOAD > BUILDING > DEFENSE > CLEARING > DEFENSE > CLEARING > DEFENSE > RELOAD > DEFENSE > CLEARING > DEFENSE > CLEARING > RELOAD > DEFENSE > CLEARING > DEFENSE > CLEARING > DEFENSE > CLEARING > DEFENSE > RELOAD > DEFENSE > CLEARING > DEFENSE > CLEARING > DEFENSE > CLEARING > DEFENSE > CLEARING > DEFENSE > CLEARING > DEFENSE > CLEARING > DEFENSE > CLEARING > DEFENSE > CLEARING > DEFENSE > CLEARING > RELOAD > DEFENSE > CLEARING > DEFENSE > CLEARING > DEFENSE > CLEARING > DEFENSE > CLEARING > RELOAD > DEFENSE > CLEARING > DEFENSE > CLEARING > DEFENSE > WATCH > RELOAD > CLEARING > DEFENSE > CLEARING > DEFENSE > CLEARING > RELOAD > DEFENSE > CLEARING > RELOAD > DEFENSE > WATCH > BUILDING > DEFENSE > WATCH > BUILDING > DEFENSE > CLEARING > DEFENSE > CLEARING > DEFENSE > CLEARING > DEFENSE > CLEARING > DEFENSE > CLEARING > DEFENSE > CLEARING > DEFENSE > CLEARING > DEFENSE > RELOAD > DEFENSE > CLEARING > DEFENSE > CLEARING > DEFENSE > CLEARING > DEFENSE > WATCH > BUILDING > DEFENSE > CLEARING > DEFENSE > WATCH > BUILDING > DEFENSE > WATCH,OTHER,24272.55,,,
20260820,SHORT,24250.0,1787197564.946,1787200853.335,1787197773.83,ACCEPTED,6490,12,307,0,38,WATCH > BUILDING > CLEARING > WATCH > CLEARING > WATCH > CLEARING > WATCH > BUILDING > WATCH > CLEARING > WATCH > CLEARING > WATCH > BUILDING > CLEARING > RELOAD > DEFENSE > CLEARING > RELOAD > DEFENSE > WATCH > CLEARING > DEFENSE > CLEARING > RELOAD > DEFENSE > WATCH > BUILDING > DEFENSE > CLEARING > DEFENSE > WATCH > CLEARING > DEFENSE > WATCH > CLEARING > DEFENSE > CLEARING > DEFENSE > CLEARING > RELOAD > DEFENSE > RELOAD > DEFENSE > CLEARING > DEFENSE > CLEARING > RELOAD > DEFENSE > CLEARING > RELOAD > DEFENSE > BUILDING > DEFENSE > CLEARING > DEFENSE > CLEARING > DEFENSE > CLEARING > DEFENSE > CLEARING > DEFENSE > CLEARING > RELOAD > DEFENSE > CLEARING > DEFENSE > CLEARING > DEFENSE > CLEARING > DEFENSE > CLEARING > DEFENSE > RELOAD > DEFENSE > CLEARING > DEFENSE > CLEARING > DEFENSE > CLEARING > RELOAD > DEFENSE > CLEARING > DEFENSE > CLEARING > RELOAD > DEFENSE > CLEARING > DEFENSE > CLEARING > DEFENSE > WATCH > BUILDING > DEFENSE > CLEARING > DEFENSE > CLEARING > DEFENSE > CLEARING > DEFENSE > RELOAD > DEFENSE > WATCH > CLEARING > DEFENSE > WATCH > CLEARING > DEFENSE > WATCH > CLEARING > DEFENSE > WATCH > CLEARING > DEFENSE > WATCH > CLEARING > DEFENSE > WATCH > CLEARING > DEFENSE > WATCH > CLEARING > DEFENSE > WATCH > CLEARING > DEFENSE > WATCH > CLEARING > DEFENSE > ACCEPTED,N4_REPEATED_RELOAD_DEFENSE,24248.45,5.600000000002183,-13.299999999999272,False
20260820,SHORT,24265.0,1787200853.837,1787202871.841,1787202436.84,ACCEPTED,4022,75,1923,0,845,WATCH > BUILDING > WATCH > BUILDING > WATCH > CLEARING > WATCH > CLEARING > WATCH > CLEARING > WATCH > BUILDING > WATCH > BUILDING > WATCH > BUILDING > RELOAD > DEFENSE > WATCH > RELOAD > WATCH > RELOAD > WATCH > CLEARING > DEFENSE > WATCH > BUILDING > DEFENSE > WATCH > BUILDING > DEFENSE > BUILDING > RELOAD > DEFENSE > WATCH > BUILDING > DEFENSE > WATCH > BUILDING > DEFENSE > BUILDING > DEFENSE > WATCH > BUILDING > DEFENSE > BUILDING > RELOAD > DEFENSE > WATCH > BUILDING > DEFENSE > WATCH > RELOAD > BUILDING > DEFENSE > WATCH > BUILDING > DEFENSE > WATCH > RELOAD > BUILDING > DEFENSE > WATCH > BUILDING > DEFENSE > WATCH > BUILDING > DEFENSE > WATCH > BUILDING > DEFENSE > WATCH > BUILDING > DEFENSE > WATCH > BUILDING > DEFENSE > WATCH > BUILDING > DEFENSE > WATCH > BUILDING > DEFENSE > WATCH > BUILDING > DEFENSE > WATCH > RELOAD > BUILDING > DEFENSE > WATCH > BUILDING > DEFENSE > WATCH > RELOAD > BUILDING > DEFENSE > WATCH > CLEARING > DEFENSE > WATCH > RELOAD > BUILDING > DEFENSE > WATCH > CLEARING > DEFENSE > RELOAD > DEFENSE > WATCH > BUILDING > DEFENSE > BUILDING > DEFENSE > WATCH > BUILDING > DEFENSE > WATCH > BUILDING > DEFENSE > WATCH > BUILDING > DEFENSE > WATCH > RELOAD > BUILDING > DEFENSE > WATCH > BUILDING > DEFENSE > WATCH > RELOAD > WATCH > CLEARING > DEFENSE > WATCH > CLEARING > DEFENSE > WATCH > BUILDING > DEFENSE > WATCH > CLEARING > DEFENSE > WATCH > RELOAD > WATCH > CLEARING > DEFENSE > WATCH > CLEARING > DEFENSE > WATCH > CLEARING > DEFENSE > WATCH > CLEARING > DEFENSE > WATCH > BUILDING > RELOAD > DEFENSE > WATCH > RELOAD > WATCH > BUILDING > DEFENSE > WATCH > CLEARING > DEFENSE > WATCH > CLEARING > DEFENSE > WATCH > RELOAD > WATCH > RELOAD > BUILDING > DEFENSE > BUILDING > RELOAD > DEFENSE > WATCH > BUILDING > DEFENSE > WATCH > BUILDING > DEFENSE > WATCH > BUILDING > DEFENSE > WATCH > BUILDING > DEFENSE > WATCH > CLEARING > DEFENSE > RELOAD > DEFENSE > WATCH > BUILDING > DEFENSE > BUILDING > DEFENSE > WATCH > CLEARING > DEFENSE > CLEARING > RELOAD > DEFENSE > BUILDING > DEFENSE > RELOAD > DEFENSE > BUILDING > DEFENSE > RELOAD > DEFENSE > BUILDING > DEFENSE > BUILDING > DEFENSE > BUILDING > DEFENSE > WATCH > BUILDING > DEFENSE > WATCH > BUILDING > DEFENSE > WATCH > BUILDING > DEFENSE > BUILDING > DEFENSE > BUILDING > DEFENSE > RELOAD > DEFENSE > BUILDING > DEFENSE > CLEARING > DEFENSE > CLEARING > RELOAD > DEFENSE > WATCH > CLEARING > DEFENSE > WATCH > CLEARING > DEFENSE > WATCH > CLEARING > DEFENSE > WATCH > CLEARING > DEFENSE > WATCH > CLEARING > DEFENSE > WATCH > RELOAD > CLEARING > DEFENSE > RELOAD > DEFENSE > CLEARING > DEFENSE > WATCH > BUILDING > DEFENSE > CLEARING > DEFENSE > RELOAD > DEFENSE > WATCH > BUILDING > DEFENSE > BUILDING > DEFENSE > BUILDING > RELOAD > DEFENSE > CLEARING > DEFENSE > CLEARING > RELOAD > DEFENSE > WATCH > BUILDING > DEFENSE > WATCH > BUILDING > DEFENSE > WATCH > BUILDING > DEFENSE > CLEARING > DEFENSE > WATCH > BUILDING > DEFENSE > WATCH > BUILDING > DEFENSE > WATCH > BUILDING > DEFENSE > BUILDING > RELOAD > DEFENSE > WATCH > RELOAD > BUILDING > DEFENSE > BUILDING > RELOAD > DEFENSE > CLEARING > DEFENSE > WATCH > BUILDING > DEFENSE > WATCH > CLEARING > DEFENSE > CLEARING > DEFENSE > WATCH > RELOAD > WATCH > CLEARING > DEFENSE > WATCH > CLEARING > DEFENSE > CLEARING > DEFENSE > WATCH > CLEARING > DEFENSE > WATCH > CLEARING > DEFENSE > CLEARING > DEFENSE > WATCH > RELOAD > CLEARING > DEFENSE > WATCH > BUILDING > DEFENSE > WATCH > BUILDING > DEFENSE > WATCH > CLEARING > DEFENSE > WATCH > RELOAD > WATCH > CLEARING > DEFENSE > WATCH > RELOAD > WATCH > CLEARING > DEFENSE > WATCH > CLEARING > DEFENSE > WATCH > CLEARING > DEFENSE > WATCH > BUILDING > RELOAD > DEFENSE > WATCH > CLEARING > DEFENSE > WATCH > CLEARING > DEFENSE > WATCH > CLEARING > DEFENSE > WATCH > CLEARING > DEFENSE > WATCH > CLEARING > DEFENSE > CLEARING > RELOAD > DEFENSE > CLEARING > RELOAD > DEFENSE > BUILDING > DEFENSE > CLEARING > DEFENSE > CLEARING > RELOAD > DEFENSE > WATCH > BUILDING > DEFENSE > WATCH > BUILDING > DEFENSE > CLEARING > DEFENSE > CLEARING > DEFENSE > CLEARING > RELOAD > DEFENSE > CLEARING > DEFENSE > WATCH > BUILDING > DEFENSE > WATCH > BUILDING > DEFENSE > WATCH > BUILDING > DEFENSE > WATCH > BUILDING > RELOAD > DEFENSE > WATCH > BUILDING > DEFENSE > BUILDING > DEFENSE > WATCH > BUILDING > DEFENSE > WATCH > BUILDING > DEFENSE > CLEARING > DEFENSE > CLEARING > DEFENSE > CLEARING > DEFENSE > RELOAD > DEFENSE > CLEARING > DEFENSE > CLEARING > DEFENSE > CLEARING > RELOAD > DEFENSE > WATCH > BUILDING > DEFENSE > WATCH > BUILDING > DEFENSE > WATCH > BUILDING > DEFENSE > BUILDING > DEFENSE > RELOAD > DEFENSE > WATCH > BUILDING > DEFENSE > WATCH > BUILDING > DEFENSE > WATCH > RELOAD > BUILDING > DEFENSE > WATCH > BUILDING > DEFENSE > BUILDING > RELOAD > DEFENSE > WATCH > BUILDING > DEFENSE > BUILDING > RELOAD > DEFENSE > WATCH > BUILDING > DEFENSE > WATCH > BUILDING > DEFENSE > BUILDING > DEFENSE > BUILDING > DEFENSE > WATCH > BUILDING > DEFENSE > WATCH > BUILDING > DEFENSE > BUILDING > DEFENSE > BUILDING > DEFENSE > BUILDING > RELOAD > DEFENSE > WATCH > BUILDING > DEFENSE > BUILDING > DEFENSE > BUILDING > DEFENSE > RELOAD > DEFENSE > BUILDING > DEFENSE > WATCH > BUILDING > DEFENSE > WATCH > BUILDING > DEFENSE > WATCH > BUILDING > DEFENSE > WATCH > BUILDING > DEFENSE > BUILDING > DEFENSE > BUILDING > DEFENSE > RELOAD > DEFENSE > BUILDING > DEFENSE > CLEARING > DEFENSE > CLEARING > RELOAD > DEFENSE > WATCH > BUILDING > DEFENSE > WATCH > BUILDING > DEFENSE > WATCH > BUILDING > DEFENSE > BUILDING > DEFENSE > WATCH > BUILDING > DEFENSE > WATCH > CLEARING > DEFENSE > CLEARING > RELOAD > DEFENSE > WATCH > RELOAD > BUILDING > DEFENSE > BUILDING > DEFENSE > CLEARING > DEFENSE > CLEARING > DEFENSE > CLEARING > DEFENSE > WATCH > BUILDING > DEFENSE > CLEARING > DEFENSE > CLEARING > DEFENSE > CLEARING > DEFENSE > CLEARING > DEFENSE > CLEARING > DEFENSE > CLEARING > DEFENSE > WATCH > BUILDING > DEFENSE > CLEARING > DEFENSE > CLEARING > DEFENSE > CLEARING > DEFENSE > CLEARING > DEFENSE > CLEARING > DEFENSE > CLEARING > RELOAD > DEFENSE > WATCH > BUILDING > DEFENSE > BUILDING > DEFENSE > CLEARING > DEFENSE > CLEARING > RELOAD > DEFENSE > WATCH > BUILDING > DEFENSE > BUILDING > DEFENSE > WATCH > BUILDING > DEFENSE > WATCH > BUILDING > DEFENSE > BUILDING > DEFENSE > BUILDING > DEFENSE > WATCH > BUILDING > DEFENSE > CLEARING > DEFENSE > BUILDING > DEFENSE > RELOAD > DEFENSE > CLEARING > DEFENSE > CLEARING > DEFENSE > CLEARING > RELOAD > DEFENSE > BUILDING > DEFENSE > BUILDING > RELOAD > DEFENSE > CLEARING > DEFENSE > CLEARING > RELOAD > DEFENSE > CLEARING > DEFENSE > RELOAD > DEFENSE > CLEARING > DEFENSE > CLEARING > DEFENSE > CLEARING > RELOAD > DEFENSE > WATCH > BUILDING > DEFENSE > BUILDING > DEFENSE > BUILDING > DEFENSE > CLEARING > DEFENSE > CLEARING > DEFENSE > BUILDING > DEFENSE > RELOAD > DEFENSE > CLEARING > DEFENSE > CLEARING > DEFENSE > CLEARING > DEFENSE > CLEARING > RELOAD > DEFENSE > BUILDING > DEFENSE > CLEARING > DEFENSE > CLEARING > RELOAD > DEFENSE > RELOAD > DEFENSE > BUILDING > DEFENSE > RELOAD > DEFENSE > WATCH > BUILDING > DEFENSE > WATCH > BUILDING > DEFENSE > BUILDING > DEFENSE > CLEARING > DEFENSE > CLEARING > DEFENSE > CLEARING > DEFENSE > CLEARING > DEFENSE > CLEARING > DEFENSE > RELOAD > DEFENSE > CLEARING > DEFENSE > CLEARING > DEFENSE > BUILDING > DEFENSE > CLEARING > DEFENSE > CLEARING > DEFENSE > CLEARING > RELOAD > DEFENSE > CLEARING > DEFENSE > RELOAD > DEFENSE > CLEARING > DEFENSE > CLEARING > DEFENSE > CLEARING > DEFENSE > RELOAD > DEFENSE > CLEARING > DEFENSE > CLEARING > DEFENSE > RELOAD > DEFENSE > CLEARING > DEFENSE > CLEARING > DEFENSE > CLEARING > DEFENSE > CLEARING > DEFENSE > CLEARING > DEFENSE > CLEARING > DEFENSE > CLEARING > DEFENSE > CLEARING > DEFENSE > CLEARING > DEFENSE > CLEARING > DEFENSE > CLEARING > DEFENSE > CLEARING > DEFENSE > CLEARING > DEFENSE > CLEARING > RELOAD > DEFENSE > CLEARING > DEFENSE > CLEARING > DEFENSE > CLEARING > DEFENSE > CLEARING > DEFENSE > CLEARING > DEFENSE > CLEARING > DEFENSE > CLEARING > DEFENSE > CLEARING > RELOAD > DEFENSE > CLEARING > DEFENSE > ACCEPTED,N4_REPEATED_RELOAD_DEFENSE,24259.9,1.7000000000007276,-15.44999999999709,True
20260821,LONG,24285.0,1787284350.738,1787286267.495,1787285545.744,ACCEPTED,3791,37,1336,0,681,BUILDING > WATCH > BUILDING > RELOAD > DEFENSE > BUILDING > DEFENSE > CLEARING > DEFENSE > CLEARING > DEFENSE > CLEARING > DEFENSE > CLEARING > DEFENSE > CLEARING > DEFENSE > CLEARING > DEFENSE > CLEARING > RELOAD > DEFENSE > CLEARING > DEFENSE > CLEARING > DEFENSE > CLEARING > DEFENSE > BUILDING > DEFENSE > RELOAD > DEFENSE > BUILDING > DEFENSE > BUILDING > DEFENSE > BUILDING > DEFENSE > BUILDING > DEFENSE > WATCH > BUILDING > DEFENSE > WATCH > BUILDING > DEFENSE > BUILDING > DEFENSE > WATCH > BUILDING > DEFENSE > BUILDING > DEFENSE > WATCH > BUILDING > DEFENSE > BUILDING > DEFENSE > WATCH > BUILDING > DEFENSE > BUILDING > DEFENSE > BUILDING > DEFENSE > BUILDING > DEFENSE > BUILDING > DEFENSE > CLEARING > DEFENSE > RELOAD > DEFENSE > CLEARING > DEFENSE > CLEARING > DEFENSE > CLEARING > RELOAD > DEFENSE > CLEARING > DEFENSE > CLEARING > DEFENSE > RELOAD > DEFENSE > WATCH > BUILDING > DEFENSE > WATCH > BUILDING > DEFENSE > CLEARING > DEFENSE > CLEARING > DEFENSE > WATCH > CLEARING > DEFENSE > CLEARING > RELOAD > DEFENSE > WATCH > CLEARING > DEFENSE > WATCH > CLEARING > DEFENSE > WATCH > CLEARING > DEFENSE > WATCH > BUILDING > DEFENSE > WATCH > BUILDING > DEFENSE > WATCH > CLEARING > DEFENSE > WATCH > CLEARING > DEFENSE > WATCH > BUILDING > DEFENSE > CLEARING > DEFENSE > CLEARING > DEFENSE > WATCH > CLEARING > DEFENSE > WATCH > CLEARING > DEFENSE > WATCH > CLEARING > DEFENSE > WATCH > CLEARING > DEFENSE > WATCH > CLEARING > DEFENSE > CLEARING > DEFENSE > CLEARING > DEFENSE > WATCH > BUILDING > DEFENSE > CLEARING > DEFENSE > CLEARING > DEFENSE > CLEARING > RELOAD > DEFENSE > CLEARING > RELOAD > DEFENSE > CLEARING > DEFENSE > RELOAD > DEFENSE > CLEARING > DEFENSE > CLEARING > RELOAD > DEFENSE > RELOAD > DEFENSE > CLEARING > DEFENSE > CLEARING > RELOAD > DEFENSE > BUILDING > DEFENSE > BUILDING > RELOAD > DEFENSE > CLEARING > DEFENSE > RELOAD > DEFENSE > CLEARING > RELOAD > DEFENSE > RELOAD > DEFENSE > CLEARING > DEFENSE > RELOAD > DEFENSE > CLEARING > DEFENSE > CLEARING > RELOAD > DEFENSE > CLEARING > RELOAD > DEFENSE > CLEARING > RELOAD > DEFENSE > CLEARING > RELOAD > DEFENSE > RELOAD > DEFENSE > CLEARING > RELOAD > DEFENSE > CLEARING > DEFENSE > CLEARING > RELOAD > DEFENSE > CLEARING > RELOAD > DEFENSE > CLEARING > DEFENSE > CLEARING > DEFENSE > CLEARING > DEFENSE > CLEARING > DEFENSE > CLEARING > RELOAD > DEFENSE > WATCH > BUILDING > DEFENSE > WATCH > BUILDING > DEFENSE > WATCH > BUILDING > DEFENSE > CLEARING > DEFENSE > WATCH > BUILDING > DEFENSE > CLEARING > DEFENSE > CLEARING > DEFENSE > CLEARING > DEFENSE > WATCH > BUILDING > DEFENSE > CLEARING > DEFENSE > WATCH > CLEARING > DEFENSE > WATCH > CLEARING > DEFENSE > WATCH > CLEARING > DEFENSE > WATCH > CLEARING > DEFENSE > WATCH > CLEARING > DEFENSE > WATCH > CLEARING > DEFENSE > CLEARING > DEFENSE > CLEARING > RELOAD > DEFENSE > CLEARING > DEFENSE > CLEARING > DEFENSE > CLEARING > DEFENSE > BUILDING > DEFENSE > RELOAD > DEFENSE > CLEARING > DEFENSE > CLEARING > DEFENSE > CLEARING > DEFENSE > CLEARING > DEFENSE > CLEARING > DEFENSE > WATCH > CLEARING > DEFENSE > WATCH > CLEARING > DEFENSE > WATCH > CLEARING > DEFENSE > WATCH > CLEARING > DEFENSE > WATCH > CLEARING > DEFENSE > WATCH > RELOAD > WATCH > RELOAD > WATCH > CLEARING > DEFENSE > WATCH > RELOAD > WATCH > RELOAD > WATCH > RELOAD > WATCH > RELOAD > WATCH > RELOAD > CLEARING > DEFENSE > WATCH > CLEARING > DEFENSE > WATCH > CLEARING > DEFENSE > WATCH > CLEARING > DEFENSE > WATCH > CLEARING > DEFENSE > WATCH > CLEARING > DEFENSE > WATCH > CLEARING > DEFENSE > WATCH > CLEARING > DEFENSE > WATCH > CLEARING > DEFENSE > WATCH > CLEARING > DEFENSE > WATCH > CLEARING > DEFENSE > WATCH > CLEARING > DEFENSE > WATCH > CLEARING > DEFENSE > WATCH > CLEARING > DEFENSE > WATCH > CLEARING > DEFENSE > WATCH > CLEARING > DEFENSE > CLEARING > DEFENSE > CLEARING > DEFENSE > CLEARING > DEFENSE > CLEARING > DEFENSE > CLEARING > DEFENSE > CLEARING > DEFENSE > CLEARING > RELOAD > DEFENSE > CLEARING > DEFENSE > CLEARING > DEFENSE > CLEARING > DEFENSE > ACCEPTED,N4_REPEATED_RELOAD_DEFENSE,24288.65,7.099999999998545,-7.350000000002183,False
20260821,LONG,24290.0,1787286353.495,1787288333.496,1787286361.744,ACCEPTED,3940,0,0,0,1,BUILDING > CLEARING > ACCEPTED,N1_DIRECT,24293.75,5.25,-14.700000000000728,False
20260821,LONG,24300.0,1787291440.507,1787292020.756,1787291450.006,ACCEPTED,1156,0,0,0,1,BUILDING > CLEARING > ACCEPTED,N1_DIRECT,24303.25,12.75,-3.4500000000007276,False
20260821,LONG,24300.0,1787292604.866,1787292924.324,1787292625.821,ACCEPTED,639,0,0,0,3,BUILDING > CLEARING > ACCEPTED,N1_DIRECT,24303.35,4.350000000002183,-8.599999999998545,False
20260821,LONG,24300.0,1787292955.03,1787306980.8,1787292955.03,ACCEPTED,28403,30,519,0,1,CLEARING > RELOAD > DEFENSE,N4_REPEATED_RELOAD_DEFENSE,24298.6,12.350000000002183,-9.849999999998545,False
20260821,LONG,24300.0,1787312998.734,1787313000.28,1787312998.734,ACCEPTED,2,206,10771,0,1,WATCH > RELOAD > DEFENSE,N4_REPEATED_RELOAD_DEFENSE,24283.65,0.0,0.0,False
20260821,LONG,24300.0,1787316588.776,1787316589.644,1787316588.776,ACCEPTED,2,206,10771,0,1,WATCH > RELOAD > DEFENSE,N4_REPEATED_RELOAD_DEFENSE,24283.65,0.0,0.0,False
20260821,LONG,24300.0,1787319265.445,1787319265.673,1787319265.445,ACCEPTED,2,206,10771,0,1,WATCH > RELOAD > DEFENSE,N4_REPEATED_RELOAD_DEFENSE,24283.65,0.0,0.0,True
20260821,LONG,24305.0,1787284030.488,1787284350.238,,NONE,627,2,154,0,285,BUILDING > CLEARING > RELOAD > DEFENSE > CLEARING > DEFENSE > CLEARING > DEFENSE > RELOAD > DEFENSE > CLEARING > DEFENSE > CLEARING > DEFENSE > CLEARING > DEFENSE > CLEARING > DEFENSE > CLEARING > DEFENSE > CLEARING > DEFENSE > CLEARING > DEFENSE > CLEARING > DEFENSE > BUILDING > DEFENSE > BUILDING > DEFENSE > WATCH > CLEARING > DEFENSE > WATCH > CLEARING > DEFENSE > WATCH > CLEARING > DEFENSE > WATCH > CLEARING > DEFENSE > WATCH > CLEARING > DEFENSE > WATCH,OTHER,24277.15,,,
20260821,LONG,24305.0,1787286267.993,1787286352.993,,NONE,166,3,124,0,26,BUILDING > RELOAD > DEFENSE > BUILDING > DEFENSE > BUILDING > DEFENSE > BUILDING > DEFENSE > WATCH > BUILDING > DEFENSE > BUILDING > DEFENSE > RELOAD > DEFENSE > BUILDING > DEFENSE > WATCH > BUILDING > DEFENSE > BUILDING > DEFENSE > CLEARING > DEFENSE > CLEARING > RELOAD > DEFENSE > CLEARING > DEFENSE > CLEARING > DEFENSE > WATCH > CLEARING > DEFENSE > CLEARING > DEFENSE > WATCH > BUILDING > DEFENSE > CLEARING > DEFENSE > WATCH > CLEARING > DEFENSE > WATCH,OTHER,24290.6,,,
20260821,LONG,24305.0,1787288333.998,1787290539.004,1787288366.998,ACCEPTED,4397,1,22,0,5,BUILDING > CLEARING > RELOAD > DEFENSE > CLEARING > DEFENSE > CLEARING > DEFENSE > ACCEPTED,N4_REPEATED_RELOAD_DEFENSE,24308.75,0.5499999999992724,-12.950000000000728,False
20260821,LONG,24315.0,1787290539.503,1787291440.005,,NONE,1797,79,1698,0,180,BUILDING > CLEARING > RELOAD > DEFENSE > CLEARING > DEFENSE > RELOAD > DEFENSE > RELOAD > DEFENSE > CLEARING > DEFENSE > BUILDING > DEFENSE > CLEARING > DEFENSE > RELOAD > DEFENSE > CLEARING > RELOAD > DEFENSE > RELOAD > DEFENSE > CLEARING > DEFENSE > RELOAD > DEFENSE > CLEARING > DEFENSE > RELOAD > DEFENSE > CLEARING > DEFENSE > BUILDING > DEFENSE > CLEARING > DEFENSE > RELOAD > DEFENSE > BUILDING > DEFENSE > CLEARING > DEFENSE > RELOAD > DEFENSE > BUILDING > DEFENSE > RELOAD > DEFENSE > CLEARING > DEFENSE > RELOAD > DEFENSE > CLEARING > DEFENSE > BUILDING > DEFENSE > CLEARING > DEFENSE > RELOAD > DEFENSE > CLEARING > DEFENSE > BUILDING > DEFENSE > RELOAD > DEFENSE > RELOAD > DEFENSE > BUILDING > DEFENSE > BUILDING > RELOAD > DEFENSE > BUILDING > DEFENSE > RELOAD > DEFENSE > BUILDING > DEFENSE > RELOAD > DEFENSE > BUILDING > DEFENSE > CLEARING > DEFENSE > RELOAD > DEFENSE > CLEARING > DEFENSE > CLEARING > DEFENSE > BUILDING > DEFENSE > BUILDING > DEFENSE > RELOAD > DEFENSE > BUILDING > DEFENSE > CLEARING > DEFENSE > CLEARING > DEFENSE > RELOAD > DEFENSE > CLEARING > DEFENSE > WATCH > RELOAD > CLEARING > DEFENSE > CLEARING > DEFENSE > CLEARING > RELOAD > DEFENSE > WATCH > CLEARING > DEFENSE > RELOAD > DEFENSE > CLEARING > DEFENSE > CLEARING > DEFENSE > CLEARING > DEFENSE > RELOAD > DEFENSE > CLEARING > DEFENSE > RELOAD > DEFENSE > BUILDING > DEFENSE > RELOAD > DEFENSE > CLEARING > DEFENSE > CLEARING > DEFENSE > RELOAD > DEFENSE > BUILDING > DEFENSE > CLEARING > DEFENSE > CLEARING > DEFENSE > CLEARING > DEFENSE > CLEARING > RELOAD > DEFENSE > CLEARING > RELOAD > DEFENSE > RELOAD > DEFENSE > CLEARING > DEFENSE > CLEARING > DEFENSE > RELOAD > DEFENSE > CLEARING > RELOAD > DEFENSE > RELOAD > DEFENSE > CLEARING > DEFENSE > RELOAD > DEFENSE > CLEARING > DEFENSE > WATCH > BUILDING > RELOAD > DEFENSE > WATCH > RELOAD > WATCH > BUILDING > DEFENSE > WATCH > RELOAD > BUILDING > DEFENSE > CLEARING > DEFENSE > RELOAD > DEFENSE > CLEARING > DEFENSE > BUILDING > DEFENSE > WATCH > CLEARING > DEFENSE > CLEARING > DEFENSE > CLEARING > RELOAD > DEFENSE > RELOAD > DEFENSE > CLEARING > DEFENSE > WATCH > BUILDING > DEFENSE > BUILDING > DEFENSE > RELOAD > DEFENSE > BUILDING > DEFENSE > CLEARING > DEFENSE > WATCH > RELOAD > BUILDING > RELOAD > DEFENSE > BUILDING > RELOAD > DEFENSE > WATCH > BUILDING > DEFENSE > BUILDING > DEFENSE > BUILDING > DEFENSE > RELOAD > DEFENSE > BUILDING > DEFENSE > BUILDING > DEFENSE > RELOAD > DEFENSE > BUILDING > RELOAD > DEFENSE > RELOAD > DEFENSE > BUILDING > DEFENSE > BUILDING > DEFENSE > RELOAD > DEFENSE > BUILDING > DEFENSE > BUILDING > DEFENSE > RELOAD > DEFENSE > BUILDING > DEFENSE > BUILDING > DEFENSE > CLEARING > DEFENSE > RELOAD > DEFENSE > CLEARING > DEFENSE > CLEARING > DEFENSE > CLEARING > DEFENSE > BUILDING > DEFENSE > CLEARING > DEFENSE > RELOAD > DEFENSE > CLEARING > DEFENSE > CLEARING > DEFENSE > CLEARING > DEFENSE > CLEARING > DEFENSE > CLEARING > DEFENSE > WATCH > BUILDING > DEFENSE > BUILDING > DEFENSE > BUILDING > DEFENSE > RELOAD > DEFENSE > BUILDING > DEFENSE > BUILDING > DEFENSE > BUILDING > DEFENSE > CLEARING > DEFENSE > RELOAD > DEFENSE > CLEARING > DEFENSE > CLEARING > DEFENSE > CLEARING > DEFENSE > CLEARING > DEFENSE > RELOAD > DEFENSE > CLEARING > DEFENSE > RELOAD > DEFENSE > CLEARING > DEFENSE > CLEARING > RELOAD > DEFENSE > CLEARING > RELOAD > DEFENSE > BUILDING > DEFENSE > BUILDING > DEFENSE > CLEARING > DEFENSE > RELOAD > DEFENSE > CLEARING > DEFENSE > CLEARING > DEFENSE > CLEARING > DEFENSE > CLEARING > DEFENSE > CLEARING > DEFENSE > RELOAD > DEFENSE > CLEARING > DEFENSE > CLEARING > DEFENSE > CLEARING > DEFENSE > CLEARING > DEFENSE > CLEARING > DEFENSE > CLEARING > DEFENSE > CLEARING > DEFENSE > CLEARING > DEFENSE > CLEARING > DEFENSE > CLEARING > DEFENSE > CLEARING > DEFENSE > WATCH > CLEARING > DEFENSE > CLEARING > DEFENSE > CLEARING > DEFENSE > CLEARING > RELOAD > DEFENSE > BUILDING > DEFENSE > CLEARING > DEFENSE > CLEARING > DEFENSE > RELOAD > DEFENSE > CLEARING > DEFENSE > CLEARING > DEFENSE > CLEARING > DEFENSE > CLEARING > DEFENSE > CLEARING > DEFENSE > CLEARING > DEFENSE > RELOAD > DEFENSE > CLEARING > DEFENSE > CLEARING > DEFENSE > CLEARING > DEFENSE > CLEARING > DEFENSE > CLEARING > DEFENSE > CLEARING > DEFENSE > CLEARING > DEFENSE > CLEARING > DEFENSE > CLEARING > DEFENSE > CLEARING > DEFENSE > CLEARING > DEFENSE > CLEARING > DEFENSE > WATCH > BUILDING > DEFENSE > CLEARING > DEFENSE > CLEARING > DEFENSE > CLEARING > RELOAD > DEFENSE > CLEARING > DEFENSE > RELOAD > DEFENSE > CLEARING > DEFENSE > CLEARING > DEFENSE > CLEARING > DEFENSE > RELOAD > DEFENSE > WATCH > BUILDING > DEFENSE > CLEARING > DEFENSE > WATCH > CLEARING > DEFENSE > CLEARING > DEFENSE > WATCH > CLEARING > DEFENSE > CLEARING > DEFENSE > CLEARING > DEFENSE > CLEARING > DEFENSE > CLEARING > DEFENSE > CLEARING > DEFENSE > CLEARING > DEFENSE > CLEARING > DEFENSE > RELOAD > DEFENSE > CLEARING > DEFENSE > CLEARING > DEFENSE > CLEARING > RELOAD > DEFENSE > CLEARING > DEFENSE > CLEARING > DEFENSE > BUILDING > DEFENSE > BUILDING > RELOAD > DEFENSE > CLEARING > DEFENSE > RELOAD > DEFENSE > WATCH > BUILDING > DEFENSE > BUILDING > DEFENSE > RELOAD > DEFENSE > WATCH > BUILDING > DEFENSE > BUILDING > DEFENSE > BUILDING > RELOAD > DEFENSE > BUILDING > DEFENSE > WATCH > BUILDING > DEFENSE > WATCH > BUILDING > DEFENSE > WATCH > BUILDING > DEFENSE > WATCH > BUILDING > DEFENSE > WATCH > BUILDING > DEFENSE > WATCH > BUILDING > DEFENSE > WATCH > BUILDING > DEFENSE > BUILDING > DEFENSE > WATCH > BUILDING > DEFENSE > WATCH > BUILDING > DEFENSE > WATCH > BUILDING > DEFENSE > BUILDING > DEFENSE > BUILDING > DEFENSE > WATCH > BUILDING > DEFENSE > WATCH > BUILDING > RELOAD > DEFENSE > BUILDING > RELOAD > DEFENSE > WATCH > BUILDING > DEFENSE > WATCH > BUILDING > DEFENSE > WATCH > BUILDING > DEFENSE > WATCH > BUILDING > DEFENSE > BUILDING > DEFENSE > BUILDING > DEFENSE > BUILDING > DEFENSE > BUILDING > DEFENSE > RELOAD > DEFENSE > BUILDING > DEFENSE > BUILDING > DEFENSE > CLEARING > DEFENSE > CLEARING > DEFENSE > WATCH > BUILDING > DEFENSE > BUILDING > DEFENSE > WATCH > BUILDING > DEFENSE > WATCH > BUILDING > DEFENSE > BUILDING > DEFENSE > RELOAD > DEFENSE > CLEARING > DEFENSE > CLEARING > DEFENSE > WATCH > BUILDING > DEFENSE > CLEARING > DEFENSE > WATCH > BUILDING > DEFENSE > BUILDING > DEFENSE > WATCH > BUILDING > DEFENSE > WATCH > RELOAD > CLEARING > DEFENSE > WATCH > BUILDING > RELOAD > DEFENSE,OTHER,24304.95,,,
20260821,LONG,24315.0,1787292021.258,1787292604.409,,NONE,1155,58,776,0,185,WATCH > BUILDING > CLEARING > BUILDING > RELOAD > DEFENSE > BUILDING > DEFENSE > RELOAD > DEFENSE > BUILDING > RELOAD > DEFENSE > CLEARING > DEFENSE > CLEARING > RELOAD > DEFENSE > CLEARING > DEFENSE > CLEARING > DEFENSE > CLEARING > DEFENSE > RELOAD > DEFENSE > CLEARING > DEFENSE > RELOAD > DEFENSE > CLEARING > DEFENSE > CLEARING > DEFENSE > CLEARING > RELOAD > DEFENSE > CLEARING > DEFENSE > BUILDING > DEFENSE > RELOAD > DEFENSE > BUILDING > DEFENSE > CLEARING > DEFENSE > CLEARING > DEFENSE > CLEARING > DEFENSE > CLEARING > DEFENSE > CLEARING > DEFENSE > CLEARING > DEFENSE > CLEARING > DEFENSE > CLEARING > DEFENSE > CLEARING > DEFENSE > CLEARING > DEFENSE > CLEARING > DEFENSE > CLEARING > DEFENSE > CLEARING > DEFENSE > CLEARING > DEFENSE > CLEARING > DEFENSE > CLEARING > RELOAD > DEFENSE > RELOAD > DEFENSE > CLEARING > DEFENSE > CLEARING > DEFENSE > CLEARING > RELOAD > DEFENSE > CLEARING > DEFENSE > RELOAD > DEFENSE > CLEARING > RELOAD > DEFENSE > CLEARING > DEFENSE > RELOAD > DEFENSE > WATCH > CLEARING > DEFENSE > CLEARING > RELOAD > DEFENSE > WATCH > RELOAD > BUILDING > DEFENSE > CLEARING > DEFENSE > CLEARING > DEFENSE > CLEARING > DEFENSE > CLEARING > DEFENSE > CLEARING > DEFENSE > RELOAD > DEFENSE > CLEARING > DEFENSE > CLEARING > DEFENSE > CLEARING > DEFENSE > CLEARING > DEFENSE > RELOAD > DEFENSE > BUILDING > DEFENSE > BUILDING > RELOAD > DEFENSE > CLEARING > DEFENSE > RELOAD > DEFENSE > CLEARING > DEFENSE > CLEARING > DEFENSE > WATCH > CLEARING > DEFENSE > WATCH > RELOAD > WATCH > RELOAD > BUILDING > DEFENSE > CLEARING > DEFENSE > CLEARING > DEFENSE > CLEARING > DEFENSE > CLEARING > RELOAD > DEFENSE > CLEARING > DEFENSE > CLEARING > DEFENSE > CLEARING > DEFENSE > CLEARING > DEFENSE > CLEARING > DEFENSE > CLEARING > RELOAD > DEFENSE > BUILDING > DEFENSE > CLEARING > DEFENSE > RELOAD > DEFENSE > CLEARING > DEFENSE > RELOAD > DEFENSE > WATCH > RELOAD > BUILDING > DEFENSE > BUILDING > DEFENSE > RELOAD > DEFENSE > BUILDING > DEFENSE > RELOAD > DEFENSE > WATCH > BUILDING > DEFENSE > CLEARING > DEFENSE > WATCH > RELOAD > BUILDING > DEFENSE > WATCH > BUILDING > DEFENSE > CLEARING > DEFENSE > CLEARING > DEFENSE > CLEARING > DEFENSE > CLEARING > RELOAD > DEFENSE > CLEARING > DEFENSE > WATCH > BUILDING > DEFENSE > CLEARING > DEFENSE > RELOAD > DEFENSE > CLEARING > DEFENSE > WATCH > RELOAD > CLEARING > DEFENSE > CLEARING > RELOAD > DEFENSE > CLEARING > DEFENSE > RELOAD > DEFENSE > WATCH > BUILDING > DEFENSE > BUILDING > DEFENSE > WATCH > RELOAD > BUILDING > DEFENSE > BUILDING > DEFENSE > RELOAD > DEFENSE > BUILDING > DEFENSE > WATCH > BUILDING > DEFENSE > WATCH > BUILDING > DEFENSE > WATCH > BUILDING > DEFENSE > WATCH > BUILDING > DEFENSE > WATCH > RELOAD > BUILDING > DEFENSE > CLEARING > DEFENSE > WATCH > BUILDING > DEFENSE > WATCH > CLEARING > DEFENSE > RELOAD > DEFENSE > BUILDING > DEFENSE > CLEARING > DEFENSE > CLEARING > RELOAD > DEFENSE > WATCH > BUILDING > DEFENSE > WATCH > BUILDING > DEFENSE > CLEARING > DEFENSE > RELOAD > DEFENSE > WATCH > BUILDING > DEFENSE > CLEARING > DEFENSE > CLEARING > RELOAD > DEFENSE > WATCH > CLEARING > DEFENSE > CLEARING > DEFENSE > RELOAD > DEFENSE > CLEARING > DEFENSE > RELOAD > DEFENSE > CLEARING > DEFENSE > RELOAD > DEFENSE > CLEARING > RELOAD > DEFENSE > BUILDING > DEFENSE > RELOAD > DEFENSE > CLEARING > DEFENSE > RELOAD > DEFENSE > WATCH > BUILDING > DEFENSE > WATCH > BUILDING > RELOAD > DEFENSE > BUILDING > DEFENSE > CLEARING > DEFENSE > RELOAD > DEFENSE > WATCH > BUILDING > DEFENSE > WATCH > RELOAD > WATCH > BUILDING > DEFENSE > WATCH > BUILDING > DEFENSE > WATCH > BUILDING > DEFENSE > CLEARING > DEFENSE > WATCH > BUILDING > DEFENSE > BUILDING > RELOAD > DEFENSE > BUILDING > DEFENSE > RELOAD > DEFENSE > CLEARING > DEFENSE > WATCH > BUILDING > DEFENSE > WATCH > BUILDING > DEFENSE > BUILDING > DEFENSE > WATCH > RELOAD > BUILDING > DEFENSE > WATCH > BUILDING > DEFENSE > WATCH > CLEARING > DEFENSE > WATCH > RELOAD > BUILDING > DEFENSE > WATCH > BUILDING > DEFENSE > WATCH > BUILDING > DEFENSE > WATCH > BUILDING > DEFENSE > WATCH > BUILDING > DEFENSE > WATCH > BUILDING > DEFENSE > WATCH > RELOAD > BUILDING > DEFENSE > WATCH > BUILDING > RELOAD > DEFENSE > WATCH > BUILDING > DEFENSE > WATCH > BUILDING > RELOAD > DEFENSE > WATCH > BUILDING > DEFENSE > WATCH,OTHER,24300.5,,,
20260821,LONG,24320.0,1787283881.743,1787284029.994,1787283889.24,ACCEPTED,294,0,0,0,2,BUILDING > CLEARING > ACCEPTED,N1_DIRECT,24323.4,1.9499999999970896,-51.85000000000218,False
20260821,SHORT,24260.0,1787284959.49,1787284996.491,,NONE,71,0,0,0,3,BUILDING > CLEARING > WATCH > CLEARING > WATCH > BUILDING > CLEARING > WATCH,OTHER,24273.0,,,
20260821,SHORT,24260.0,1787285035.245,1787285446.492,1787285078.245,ACCEPTED,812,0,0,0,3,WATCH > BUILDING > CLEARING > ACCEPTED,N1_DIRECT,24254.7,0.0,-38.70000000000073,False
20260821,SHORT,24275.0,1787284996.993,1787285034.742,1787285002.991,ACCEPTED,74,0,0,0,1,BUILDING > CLEARING > ACCEPTED,N1_DIRECT,24270.2,15.5,-19.299999999999272,False
20260821,SHORT,24275.0,1787285446.992,1787286039.743,,NONE,1166,15,217,0,179,BUILDING > CLEARING > BUILDING > RELOAD > DEFENSE > BUILDING > DEFENSE > BUILDING > DEFENSE > BUILDING > DEFENSE > RELOAD > DEFENSE > BUILDING > DEFENSE > BUILDING > DEFENSE > BUILDING > DEFENSE > CLEARING > DEFENSE > WATCH > CLEARING > DEFENSE > WATCH > CLEARING > DEFENSE > WATCH > CLEARING > DEFENSE > WATCH > CLEARING > DEFENSE > WATCH > CLEARING > DEFENSE > WATCH > CLEARING > DEFENSE > WATCH > CLEARING > DEFENSE > WATCH > BUILDING > DEFENSE > CLEARING > DEFENSE > WATCH > CLEARING > DEFENSE > WATCH > CLEARING > DEFENSE > WATCH > CLEARING > DEFENSE > CLEARING > DEFENSE > CLEARING > DEFENSE > WATCH > CLEARING > DEFENSE > WATCH > CLEARING > DEFENSE > WATCH > CLEARING > DEFENSE > CLEARING > DEFENSE > CLEARING > DEFENSE > WATCH > CLEARING > DEFENSE > WATCH > BUILDING > DEFENSE > WATCH > CLEARING > DEFENSE > WATCH > CLEARING > DEFENSE > WATCH > CLEARING > DEFENSE > WATCH > CLEARING > DEFENSE > WATCH > CLEARING > DEFENSE > WATCH > CLEARING > DEFENSE > WATCH > CLEARING > DEFENSE > WATCH > RELOAD > WATCH > RELOAD > WATCH > BUILDING > WATCH > BUILDING > RELOAD > WATCH > BUILDING > WATCH > BUILDING > WATCH > BUILDING > WATCH > BUILDING > WATCH > BUILDING > WATCH > BUILDING > WATCH > BUILDING > RELOAD > WATCH > BUILDING > WATCH > BUILDING > WATCH > BUILDING > WATCH > BUILDING > WATCH > BUILDING > WATCH > BUILDING > WATCH > BUILDING > WATCH > BUILDING > WATCH > BUILDING > WATCH > BUILDING > WATCH > RELOAD > WATCH > BUILDING > WATCH > BUILDING > WATCH > RELOAD > BUILDING > WATCH > BUILDING > WATCH > BUILDING > RELOAD > WATCH > BUILDING > WATCH > RELOAD > WATCH > RELOAD > WATCH > BUILDING > WATCH > RELOAD > WATCH > RELOAD > WATCH > BUILDING > WATCH > BUILDING > WATCH > RELOAD > WATCH > RELOAD,OTHER,24290.4,,,
20260821,SHORT,24275.0,1787287074.497,1787287315.256,,NONE,479,8,426,0,29,WATCH > BUILDING > WATCH > BUILDING > WATCH > RELOAD > BUILDING > DEFENSE > BUILDING > DEFENSE > CLEARING > DEFENSE > RELOAD > DEFENSE > CLEARING > DEFENSE > CLEARING > DEFENSE > BUILDING > DEFENSE > RELOAD > DEFENSE > BUILDING > DEFENSE > BUILDING > DEFENSE > RELOAD > DEFENSE > BUILDING > DEFENSE > CLEARING > DEFENSE > RELOAD > DEFENSE > CLEARING > DEFENSE > CLEARING > DEFENSE > CLEARING > DEFENSE > CLEARING > DEFENSE > CLEARING > DEFENSE > CLEARING > DEFENSE > CLEARING > DEFENSE > CLEARING > DEFENSE > RELOAD > DEFENSE > CLEARING > DEFENSE > CLEARING > DEFENSE > BUILDING > DEFENSE > BUILDING > DEFENSE > RELOAD > DEFENSE > CLEARING > DEFENSE > WATCH > BUILDING > DEFENSE > BUILDING > RELOAD > DEFENSE > BUILDING > DEFENSE > BUILDING > DEFENSE > CLEARING > DEFENSE > CLEARING > DEFENSE > CLEARING > DEFENSE > WATCH > CLEARING > DEFENSE > WATCH > CLEARING > DEFENSE > WATCH > CLEARING > DEFENSE > WATCH > CLEARING > DEFENSE > WATCH,OTHER,24289.75,,,
20260821,SHORT,24280.0,1787283313.166,1787283313.239,,NONE,2,0,0,0,1,WATCH,OTHER,24292.25,,,
20260821,SHORT,24280.0,1787283881.743,1787283889.74,,NONE,17,2,0,0,7,WATCH > RELOAD > WATCH > RELOAD > WATCH,OTHER,24321.75,,,
20260821,SHORT,24280.0,1787287901.246,1787289297.499,,NONE,2785,5,0,0,2407,BUILDING > CLEARING > WATCH > CLEARING > WATCH > CLEARING > WATCH > CLEARING > WATCH > CLEARING > WATCH > CLEARING > WATCH > CLEARING > WATCH > CLEARING > WATCH > CLEARING > WATCH > CLEARING > WATCH > CLEARING > WATCH > CLEARING > WATCH > CLEARING > WATCH > CLEARING > WATCH > CLEARING > WATCH > CLEARING > WATCH > BUILDING > WATCH > BUILDING > WATCH > CLEARING > WATCH > RELOAD > WATCH > RELOAD > WATCH > RELOAD > WATCH > RELOAD > WATCH,OTHER,24308.15,,,
20260821,SHORT,24285.0,1787284222.738,1787284958.991,1787284240.341,ACCEPTED,1460,5,28,0,5,BUILDING > RELOAD > DEFENSE > BUILDING > DEFENSE > RELOAD > DEFENSE > CLEARING > DEFENSE > RELOAD > DEFENSE > CLEARING > DEFENSE > RELOAD > DEFENSE > CLEARING > DEFENSE > CLEARING > RELOAD > DEFENSE > ACCEPTED,N4_REPEATED_RELOAD_DEFENSE,24281.75,13.75,-3.7000000000007276,False
20260821,SHORT,24285.0,1787294775.511,1787306980.8,1787294776.511,ACCEPTED,24293,0,0,0,1,BUILDING > CLEARING > ACCEPTED,N1_DIRECT,24281.2,0.4000000000014552,-15.75,False
20260821,SHORT,24285.0,1787312998.734,1787313000.28,1787312998.734,ACCEPTED,2,260,21588,0,1,CLEARING > RELOAD > DEFENSE,N4_REPEATED_RELOAD_DEFENSE,24283.65,0.0,0.0,False
20260821,SHORT,24285.0,1787316588.776,1787316589.644,1787316588.776,ACCEPTED,2,260,21590,0,1,CLEARING > RELOAD > DEFENSE,N4_REPEATED_RELOAD_DEFENSE,24283.65,0.0,0.0,False
20260821,SHORT,24285.0,1787319265.445,1787319265.673,1787319265.445,ACCEPTED,2,260,21592,0,1,CLEARING > RELOAD > DEFENSE,N4_REPEATED_RELOAD_DEFENSE,24283.65,0.0,0.0,True
20260821,SHORT,24290.0,1787286040.242,1787287073.995,1787286062.742,ACCEPTED,2054,1,1,0,3,BUILDING > CLEARING > RELOAD > DEFENSE > CLEARING > ACCEPTED,N3_SINGLE_RELOAD_DEFENSE,24287.9,4.0,-13.099999999998545,False
20260821,SHORT,24290.0,1787287315.752,1787287900.745,1787287339.247,ACCEPTED,1163,0,0,0,1,BUILDING > CLEARING > ACCEPTED,N1_DIRECT,24285.85,9.0,-8.25,False
20260821,SHORT,24295.0,1787285752.994,1787285756.992,,NONE,8,0,0,0,1,BUILDING,OTHER,24295.2,,,
20260821,SHORT,24295.0,1787289297.999,1787292924.324,,NONE,7222,94,2937,0,2131,WATCH > BUILDING > WATCH > BUILDING > WATCH > BUILDING > RELOAD > DEFENSE > WATCH > BUILDING > RELOAD > DEFENSE > WATCH > BUILDING > DEFENSE > CLEARING > DEFENSE > RELOAD > DEFENSE > BUILDING > DEFENSE > CLEARING > DEFENSE > CLEARING > RELOAD > DEFENSE > WATCH > CLEARING > DEFENSE > CLEARING > DEFENSE > WATCH > CLEARING > DEFENSE > WATCH > CLEARING > DEFENSE > WATCH > CLEARING > DEFENSE > WATCH > CLEARING > DEFENSE > WATCH > CLEARING > DEFENSE > WATCH > CLEARING > DEFENSE > CLEARING > DEFENSE > CLEARING > DEFENSE > WATCH > BUILDING > DEFENSE > CLEARING > DEFENSE > WATCH > RELOAD > BUILDING > DEFENSE > WATCH > BUILDING > DEFENSE > BUILDING > DEFENSE > WATCH > BUILDING > DEFENSE > CLEARING > DEFENSE > RELOAD > DEFENSE > BUILDING > DEFENSE > RELOAD > DEFENSE > BUILDING > DEFENSE > RELOAD > DEFENSE > BUILDING > DEFENSE > BUILDING > DEFENSE > CLEARING > DEFENSE > CLEARING > DEFENSE > CLEARING > DEFENSE > CLEARING > DEFENSE > CLEARING > DEFENSE > CLEARING > DEFENSE > CLEARING > DEFENSE > RELOAD > DEFENSE > CLEARING > DEFENSE > CLEARING > RELOAD > DEFENSE > CLEARING > DEFENSE > CLEARING > DEFENSE > BUILDING > DEFENSE > BUILDING > RELOAD > DEFENSE > BUILDING > DEFENSE > BUILDING > DEFENSE > CLEARING > DEFENSE > CLEARING > DEFENSE > CLEARING > DEFENSE > BUILDING > DEFENSE > RELOAD > DEFENSE > CLEARING > DEFENSE > CLEARING > RELOAD > DEFENSE > CLEARING > DEFENSE > CLEARING > DEFENSE > CLEARING > DEFENSE > WATCH > CLEARING > DEFENSE > RELOAD > DEFENSE > CLEARING > RELOAD > DEFENSE > CLEARING > DEFENSE > CLEARING > RELOAD > DEFENSE > BUILDING > DEFENSE > CLEARING > DEFENSE > CLEARING > RELOAD > DEFENSE > CLEARING > DEFENSE > CLEARING > DEFENSE > CLEARING > DEFENSE > CLEARING > DEFENSE > CLEARING > DEFENSE > BUILDING > DEFENSE > BUILDING > RELOAD > DEFENSE > CLEARING > DEFENSE > RELOAD > DEFENSE > CLEARING > DEFENSE > CLEARING > DEFENSE > RELOAD > DEFENSE > CLEARING > DEFENSE > WATCH > BUILDING > RELOAD > DEFENSE > CLEARING > DEFENSE > CLEARING > RELOAD > DEFENSE > CLEARING > DEFENSE > RELOAD > DEFENSE > BUILDING > DEFENSE > RELOAD > DEFENSE > CLEARING > DEFENSE > CLEARING > RELOAD > DEFENSE > CLEARING > DEFENSE > CLEARING > DEFENSE > CLEARING > DEFENSE > CLEARING > DEFENSE > RELOAD > DEFENSE > CLEARING > DEFENSE > CLEARING > RELOAD > DEFENSE > WATCH > CLEARING > DEFENSE > WATCH > BUILDING > DEFENSE > BUILDING > DEFENSE > BUILDING > DEFENSE > WATCH > CLEARING > DEFENSE > WATCH > CLEARING > DEFENSE > WATCH > CLEARING > DEFENSE > WATCH > CLEARING > DEFENSE > WATCH > CLEARING > DEFENSE > WATCH > CLEARING > DEFENSE > WATCH > CLEARING > DEFENSE > WATCH > CLEARING > DEFENSE > WATCH > CLEARING > DEFENSE > WATCH > CLEARING > DEFENSE > WATCH > CLEARING > DEFENSE > WATCH > CLEARING > DEFENSE > WATCH > CLEARING > DEFENSE > WATCH > CLEARING > DEFENSE > WATCH > CLEARING > DEFENSE > WATCH > CLEARING > DEFENSE > WATCH > CLEARING > DEFENSE > WATCH > CLEARING > DEFENSE > WATCH > CLEARING > DEFENSE > CLEARING > DEFENSE > CLEARING > DEFENSE > WATCH > CLEARING > DEFENSE > WATCH > CLEARING > DEFENSE > WATCH > CLEARING > DEFENSE > WATCH > CLEARING > DEFENSE > WATCH > CLEARING > DEFENSE > WATCH > CLEARING > DEFENSE > CLEARING > DEFENSE > WATCH > BUILDING > DEFENSE > WATCH > CLEARING > DEFENSE > WATCH > CLEARING > DEFENSE > WATCH > CLEARING > DEFENSE > WATCH > CLEARING > DEFENSE > WATCH > BUILDING > DEFENSE > WATCH > CLEARING > DEFENSE > WATCH > BUILDING > DEFENSE > WATCH > CLEARING > DEFENSE > WATCH > CLEARING > DEFENSE > WATCH > CLEARING > DEFENSE > WATCH > CLEARING > DEFENSE > CLEARING > DEFENSE > CLEARING > RELOAD > DEFENSE > WATCH > BUILDING > DEFENSE > WATCH > BUILDING > DEFENSE > CLEARING > DEFENSE > WATCH > RELOAD > BUILDING > DEFENSE > CLEARING > DEFENSE > RELOAD > DEFENSE > WATCH > BUILDING > DEFENSE > CLEARING > DEFENSE > RELOAD > DEFENSE > CLEARING > DEFENSE > WATCH > BUILDING > DEFENSE > CLEARING > DEFENSE > RELOAD > DEFENSE > BUILDING > DEFENSE > CLEARING > DEFENSE > CLEARING > RELOAD > DEFENSE > CLEARING > DEFENSE > WATCH > BUILDING > DEFENSE > CLEARING > DEFENSE > WATCH > BUILDING > DEFENSE > WATCH > BUILDING > DEFENSE > WATCH > CLEARING > DEFENSE > WATCH > CLEARING > DEFENSE > WATCH > BUILDING > DEFENSE > CLEARING > DEFENSE > CLEARING > DEFENSE > CLEARING > DEFENSE > CLEARING > DEFENSE > RELOAD > DEFENSE > CLEARING > DEFENSE > CLEARING > DEFENSE > RELOAD > DEFENSE > CLEARING > DEFENSE > BUILDING > DEFENSE > WATCH > BUILDING > DEFENSE > WATCH > CLEARING > DEFENSE > WATCH > CLEARING > DEFENSE > WATCH > CLEARING > DEFENSE > CLEARING > DEFENSE > WATCH > CLEARING > DEFENSE > WATCH > CLEARING > DEFENSE > WATCH > CLEARING > DEFENSE > WATCH > CLEARING > DEFENSE > WATCH > CLEARING > DEFENSE > WATCH > CLEARING > DEFENSE > WATCH > CLEARING > DEFENSE > WATCH > CLEARING > DEFENSE > WATCH > CLEARING > DEFENSE > CLEARING > DEFENSE > WATCH > CLEARING > DEFENSE > WATCH > CLEARING > DEFENSE > WATCH > CLEARING > DEFENSE > WATCH > CLEARING > DEFENSE > WATCH > CLEARING > DEFENSE > WATCH > CLEARING > DEFENSE > WATCH > CLEARING > DEFENSE > WATCH > CLEARING > DEFENSE > WATCH > CLEARING > DEFENSE > WATCH > CLEARING > DEFENSE > WATCH > CLEARING > WATCH > CLEARING > WATCH > CLEARING > WATCH > CLEARING > WATCH > CLEARING > WATCH > CLEARING > WATCH > CLEARING > WATCH > CLEARING > WATCH > CLEARING > WATCH > CLEARING > WATCH > CLEARING > WATCH > CLEARING > WATCH > CLEARING > WATCH > CLEARING > WATCH > CLEARING > WATCH > CLEARING > WATCH > CLEARING > WATCH > CLEARING > WATCH > CLEARING > WATCH > CLEARING > WATCH > CLEARING > WATCH > CLEARING > WATCH > CLEARING > WATCH > CLEARING > WATCH > CLEARING > WATCH > CLEARING > WATCH > CLEARING > WATCH > CLEARING > WATCH > CLEARING > WATCH > CLEARING > WATCH > CLEARING > WATCH > CLEARING > WATCH > CLEARING > WATCH > CLEARING > WATCH > CLEARING > WATCH > CLEARING > WATCH > CLEARING > WATCH > CLEARING > WATCH > CLEARING > WATCH > CLEARING > WATCH > CLEARING > WATCH > CLEARING > WATCH > CLEARING > WATCH > CLEARING > WATCH > CLEARING > WATCH > CLEARING > WATCH > BUILDING > CLEARING > WATCH > CLEARING > WATCH > BUILDING > WATCH > CLEARING > WATCH > BUILDING > WATCH > BUILDING > CLEARING > WATCH > BUILDING > CLEARING > WATCH > CLEARING > WATCH > CLEARING > WATCH > CLEARING > WATCH > CLEARING > WATCH > CLEARING > WATCH > CLEARING > WATCH > BUILDING > CLEARING > WATCH > CLEARING > WATCH > CLEARING > WATCH > CLEARING > WATCH > CLEARING > WATCH > CLEARING > WATCH > CLEARING > WATCH > CLEARING > WATCH > CLEARING > WATCH > CLEARING > WATCH > CLEARING > WATCH > CLEARING > WATCH > CLEARING > WATCH > CLEARING > WATCH > CLEARING > WATCH > CLEARING > WATCH > CLEARING > WATCH > CLEARING > WATCH > CLEARING > WATCH > CLEARING > WATCH > CLEARING > WATCH > CLEARING > WATCH > CLEARING > WATCH > BUILDING > CLEARING > WATCH > CLEARING > WATCH > CLEARING > WATCH > CLEARING > WATCH > CLEARING > WATCH > BUILDING > CLEARING > BUILDING > WATCH > BUILDING > CLEARING > WATCH > BUILDING > WATCH > BUILDING > WATCH > BUILDING > WATCH > BUILDING > WATCH > BUILDING > CLEARING > BUILDING > DEFENSE > CLEARING > DEFENSE > CLEARING > DEFENSE > WATCH > BUILDING > DEFENSE > WATCH > BUILDING > DEFENSE > CLEARING > DEFENSE > CLEARING > DEFENSE > CLEARING > DEFENSE > BUILDING > DEFENSE > BUILDING > DEFENSE > CLEARING > DEFENSE > CLEARING > DEFENSE > WATCH > BUILDING > DEFENSE > CLEARING > DEFENSE > WATCH > BUILDING > DEFENSE > WATCH > BUILDING > DEFENSE > CLEARING > DEFENSE > CLEARING > DEFENSE > CLEARING > DEFENSE > WATCH > BUILDING > DEFENSE > CLEARING > DEFENSE > CLEARING > DEFENSE > WATCH > BUILDING > DEFENSE > CLEARING > DEFENSE > CLEARING > DEFENSE > CLEARING > DEFENSE > CLEARING > DEFENSE > CLEARING > DEFENSE > CLEARING > DEFENSE > CLEARING > DEFENSE > CLEARING > DEFENSE > WATCH > BUILDING > DEFENSE > BUILDING > DEFENSE > BUILDING > DEFENSE > CLEARING > DEFENSE > CLEARING > DEFENSE > WATCH > BUILDING > DEFENSE > CLEARING > DEFENSE > CLEARING > DEFENSE > CLEARING > DEFENSE > CLEARING > RELOAD > DEFENSE > CLEARING > DEFENSE > WATCH > CLEARING > DEFENSE > RELOAD > DEFENSE > CLEARING > DEFENSE > CLEARING > DEFENSE > CLEARING > RELOAD > DEFENSE > WATCH > BUILDING > DEFENSE > CLEARING > DEFENSE > CLEARING > DEFENSE > RELOAD > DEFENSE > CLEARING > DEFENSE > CLEARING > DEFENSE > RELOAD > DEFENSE > CLEARING > DEFENSE > RELOAD > DEFENSE > CLEARING > DEFENSE > RELOAD > DEFENSE > CLEARING > DEFENSE > RELOAD > DEFENSE > CLEARING > DEFENSE > CLEARING > DEFENSE > WATCH > CLEARING > DEFENSE > RELOAD > DEFENSE > CLEARING > DEFENSE > CLEARING > DEFENSE > CLEARING > DEFENSE > CLEARING > DEFENSE > RELOAD > DEFENSE > CLEARING > DEFENSE > BUILDING > DEFENSE > RELOAD > DEFENSE > CLEARING > DEFENSE > CLEARING > DEFENSE > WATCH > BUILDING > DEFENSE > WATCH > BUILDING > DEFENSE > CLEARING > DEFENSE > WATCH > BUILDING > DEFENSE > WATCH > BUILDING > DEFENSE > WATCH > BUILDING > DEFENSE > CLEARING > DEFENSE > WATCH > CLEARING > DEFENSE > CLEARING > DEFENSE > CLEARING > DEFENSE > WATCH > BUILDING > DEFENSE > CLEARING > DEFENSE > WATCH > BUILDING > DEFENSE > RELOAD > DEFENSE > WATCH > BUILDING > DEFENSE > WATCH > BUILDING > DEFENSE > BUILDING > DEFENSE > CLEARING > DEFENSE > CLEARING > DEFENSE > CLEARING > DEFENSE > CLEARING > DEFENSE > WATCH > CLEARING > DEFENSE > WATCH > CLEARING > DEFENSE > WATCH > CLEARING > DEFENSE > WATCH > CLEARING > DEFENSE > WATCH > CLEARING > DEFENSE > WATCH > CLEARING > DEFENSE > WATCH > BUILDING > RELOAD > DEFENSE > CLEARING > DEFENSE > WATCH > RELOAD > CLEARING > DEFENSE > WATCH > CLEARING > DEFENSE > WATCH > CLEARING > DEFENSE > WATCH > CLEARING > DEFENSE > CLEARING > DEFENSE > WATCH > CLEARING > DEFENSE > WATCH > CLEARING > DEFENSE > WATCH > CLEARING > DEFENSE > WATCH > BUILDING > DEFENSE > CLEARING > DEFENSE > WATCH > BUILDING > DEFENSE > WATCH > CLEARING > DEFENSE > WATCH > CLEARING > DEFENSE > WATCH > CLEARING > DEFENSE > WATCH > CLEARING > DEFENSE > WATCH > CLEARING > DEFENSE > WATCH > CLEARING > DEFENSE > WATCH > CLEARING > DEFENSE > WATCH > CLEARING > DEFENSE > WATCH > CLEARING > DEFENSE > WATCH > CLEARING > DEFENSE > WATCH > CLEARING > DEFENSE > WATCH > CLEARING > DEFENSE > WATCH > CLEARING > DEFENSE > WATCH > CLEARING > DEFENSE > WATCH > CLEARING > DEFENSE > WATCH > CLEARING > DEFENSE > WATCH > CLEARING > DEFENSE > WATCH > CLEARING > DEFENSE > WATCH > CLEARING > DEFENSE > WATCH > CLEARING > DEFENSE > WATCH > CLEARING > DEFENSE > WATCH > CLEARING > DEFENSE > WATCH > CLEARING > DEFENSE > WATCH > CLEARING > DEFENSE > WATCH > CLEARING > DEFENSE > WATCH > CLEARING > DEFENSE > WATCH > CLEARING > DEFENSE > CLEARING > DEFENSE > WATCH > CLEARING > DEFENSE > WATCH > CLEARING > DEFENSE > WATCH > CLEARING > DEFENSE > WATCH > CLEARING > DEFENSE > WATCH > CLEARING > DEFENSE > WATCH > CLEARING > DEFENSE > WATCH > CLEARING > DEFENSE > CLEARING > DEFENSE > WATCH > CLEARING > DEFENSE > WATCH > CLEARING > DEFENSE > WATCH > CLEARING > DEFENSE > WATCH > CLEARING > DEFENSE > WATCH > CLEARING > DEFENSE > WATCH > BUILDING > DEFENSE > WATCH > CLEARING > DEFENSE > WATCH > CLEARING > DEFENSE > CLEARING > DEFENSE > WATCH > CLEARING > DEFENSE > WATCH > CLEARING > DEFENSE > WATCH > CLEARING > DEFENSE > WATCH > CLEARING > DEFENSE > WATCH > CLEARING > DEFENSE > WATCH > CLEARING > DEFENSE > WATCH > CLEARING > DEFENSE > WATCH > CLEARING > DEFENSE > WATCH > CLEARING > DEFENSE > WATCH > CLEARING > DEFENSE > WATCH > CLEARING > DEFENSE > WATCH > CLEARING > DEFENSE > WATCH > CLEARING > DEFENSE > WATCH > CLEARING > DEFENSE > WATCH > CLEARING > DEFENSE > CLEARING > DEFENSE > WATCH > CLEARING > DEFENSE > WATCH > CLEARING > DEFENSE > WATCH > CLEARING > DEFENSE > CLEARING > DEFENSE > WATCH > CLEARING > DEFENSE > WATCH > CLEARING > DEFENSE > WATCH > CLEARING > DEFENSE > WATCH > CLEARING > DEFENSE > WATCH > CLEARING > DEFENSE > WATCH > CLEARING > DEFENSE > WATCH > CLEARING > DEFENSE > WATCH > CLEARING > DEFENSE > WATCH > CLEARING > DEFENSE > CLEARING > DEFENSE > WATCH > CLEARING > DEFENSE > WATCH > CLEARING > DEFENSE > WATCH > CLEARING > DEFENSE > WATCH > CLEARING > DEFENSE > WATCH > CLEARING > DEFENSE > WATCH > CLEARING > DEFENSE > WATCH > CLEARING > DEFENSE > WATCH > CLEARING > DEFENSE > CLEARING > DEFENSE > WATCH > CLEARING > DEFENSE > CLEARING > DEFENSE > WATCH > CLEARING > DEFENSE > CLEARING > DEFENSE > CLEARING > DEFENSE > WATCH > CLEARING > DEFENSE > WATCH > CLEARING > DEFENSE > WATCH > CLEARING > DEFENSE > CLEARING > DEFENSE > CLEARING > DEFENSE > WATCH > CLEARING > DEFENSE > WATCH > CLEARING > DEFENSE > WATCH > CLEARING > DEFENSE > CLEARING > DEFENSE > WATCH > BUILDING > DEFENSE > WATCH > CLEARING > DEFENSE > WATCH > CLEARING > DEFENSE > WATCH > CLEARING > DEFENSE > CLEARING > DEFENSE > RELOAD > DEFENSE > WATCH > CLEARING > DEFENSE > CLEARING > DEFENSE > CLEARING > DEFENSE > WATCH > CLEARING > DEFENSE > WATCH > CLEARING > DEFENSE > CLEARING > DEFENSE > WATCH > CLEARING > DEFENSE > WATCH > CLEARING > DEFENSE > WATCH > BUILDING > DEFENSE > WATCH > CLEARING > DEFENSE > WATCH > CLEARING > DEFENSE > CLEARING > DEFENSE > WATCH > CLEARING > DEFENSE > WATCH > CLEARING > DEFENSE > CLEARING > RELOAD > DEFENSE > WATCH > BUILDING > DEFENSE > WATCH > BUILDING > DEFENSE > WATCH > BUILDING > DEFENSE > CLEARING > DEFENSE > WATCH > BUILDING > DEFENSE > CLEARING > DEFENSE > WATCH > BUILDING > DEFENSE > CLEARING > DEFENSE > WATCH > CLEARING > DEFENSE > WATCH > CLEARING > DEFENSE > WATCH > BUILDING > DEFENSE > WATCH > CLEARING > DEFENSE > WATCH > BUILDING > RELOAD > DEFENSE > WATCH > BUILDING > DEFENSE > WATCH > BUILDING > DEFENSE > WATCH > BUILDING > DEFENSE > WATCH > CLEARING > DEFENSE > WATCH > BUILDING > DEFENSE > WATCH > CLEARING > DEFENSE > WATCH > BUILDING > DEFENSE > CLEARING > DEFENSE > WATCH > CLEARING > DEFENSE > WATCH > BUILDING > DEFENSE > WATCH > BUILDING > DEFENSE > WATCH > BUILDING > DEFENSE > BUILDING > RELOAD > DEFENSE > WATCH > BUILDING > DEFENSE > WATCH > BUILDING > DEFENSE > BUILDING > DEFENSE > WATCH > BUILDING > DEFENSE > WATCH > CLEARING > DEFENSE > RELOAD > DEFENSE > WATCH > BUILDING > DEFENSE > WATCH > BUILDING > DEFENSE > WATCH > RELOAD > BUILDING > DEFENSE > WATCH > BUILDING > DEFENSE > WATCH > BUILDING > DEFENSE > CLEARING > DEFENSE > CLEARING > RELOAD > DEFENSE > CLEARING > DEFENSE > RELOAD > DEFENSE > BUILDING > DEFENSE > BUILDING > RELOAD > DEFENSE > BUILDING > DEFENSE > WATCH > RELOAD > BUILDING > DEFENSE > BUILDING > DEFENSE > BUILDING > DEFENSE > CLEARING > DEFENSE > CLEARING > DEFENSE > CLEARING > RELOAD > DEFENSE > CLEARING > DEFENSE > BUILDING > DEFENSE > BUILDING > RELOAD > DEFENSE > BUILDING > DEFENSE > RELOAD > DEFENSE > RELOAD > DEFENSE > BUILDING > DEFENSE > RELOAD > DEFENSE > BUILDING > DEFENSE > WATCH > BUILDING > DEFENSE > CLEARING > DEFENSE > CLEARING > RELOAD > DEFENSE > BUILDING > DEFENSE > CLEARING > DEFENSE > CLEARING > DEFENSE > RELOAD > DEFENSE > CLEARING > DEFENSE > BUILDING > DEFENSE > CLEARING > DEFENSE > RELOAD > DEFENSE > CLEARING > DEFENSE > CLEARING > DEFENSE > CLEARING > RELOAD > DEFENSE > CLEARING > DEFENSE > RELOAD > DEFENSE > BUILDING > DEFENSE > RELOAD > DEFENSE > BUILDING > DEFENSE > CLEARING > DEFENSE > CLEARING > RELOAD > DEFENSE > BUILDING > DEFENSE > RELOAD > DEFENSE > BUILDING > DEFENSE > CLEARING > DEFENSE > CLEARING > RELOAD > DEFENSE > CLEARING > RELOAD > DEFENSE > CLEARING > DEFENSE > RELOAD > DEFENSE > CLEARING > DEFENSE > CLEARING > RELOAD > DEFENSE > CLEARING > DEFENSE > CLEARING > DEFENSE > CLEARING > DEFENSE > CLEARING > DEFENSE > CLEARING > DEFENSE > CLEARING > DEFENSE > CLEARING > RELOAD > DEFENSE > CLEARING > DEFENSE > CLEARING > DEFENSE > RELOAD > DEFENSE > CLEARING > DEFENSE > BUILDING > DEFENSE > RELOAD > DEFENSE > CLEARING > DEFENSE > CLEARING > RELOAD > DEFENSE > CLEARING > DEFENSE > CLEARING > DEFENSE > CLEARING > RELOAD > DEFENSE > CLEARING > DEFENSE > CLEARING > RELOAD > DEFENSE > BUILDING > DEFENSE > RELOAD > DEFENSE > CLEARING > DEFENSE > CLEARING > DEFENSE > RELOAD > DEFENSE > CLEARING > DEFENSE > CLEARING > DEFENSE > CLEARING > DEFENSE > CLEARING > DEFENSE > CLEARING > DEFENSE > CLEARING > DEFENSE > CLEARING > RELOAD > DEFENSE > BUILDING > DEFENSE > RELOAD > DEFENSE > CLEARING > DEFENSE > RELOAD > DEFENSE > CLEARING > DEFENSE > CLEARING > DEFENSE > CLEARING > DEFENSE > RELOAD > DEFENSE > CLEARING > RELOAD > DEFENSE > CLEARING > RELOAD > DEFENSE > CLEARING > DEFENSE > RELOAD > DEFENSE > CLEARING > DEFENSE > RELOAD > DEFENSE > CLEARING > DEFENSE > CLEARING > RELOAD > DEFENSE > CLEARING > DEFENSE > RELOAD > DEFENSE,OTHER,24302.15,,,
20260821,SHORT,24295.0,1787292955.03,1787294775.011,1787293475.506,ACCEPTED,4110,113,4256,0,81,BUILDING > RELOAD > DEFENSE > CLEARING > DEFENSE > CLEARING > DEFENSE > CLEARING > DEFENSE > CLEARING > DEFENSE > CLEARING > DEFENSE > CLEARING > RELOAD > DEFENSE > CLEARING > DEFENSE > CLEARING > DEFENSE > RELOAD > DEFENSE > CLEARING > DEFENSE > CLEARING > DEFENSE > CLEARING > DEFENSE > RELOAD > DEFENSE > CLEARING > DEFENSE > CLEARING > DEFENSE > CLEARING > DEFENSE > CLEARING > DEFENSE > RELOAD > DEFENSE > CLEARING > DEFENSE > CLEARING > DEFENSE > RELOAD > DEFENSE > CLEARING > DEFENSE > CLEARING > DEFENSE > RELOAD > DEFENSE > CLEARING > DEFENSE > CLEARING > DEFENSE > CLEARING > DEFENSE > CLEARING > DEFENSE > RELOAD > DEFENSE > CLEARING > DEFENSE > CLEARING > DEFENSE > CLEARING > DEFENSE > RELOAD > DEFENSE > CLEARING > DEFENSE > CLEARING > DEFENSE > WATCH > BUILDING > DEFENSE > BUILDING > DEFENSE > RELOAD > DEFENSE > WATCH > BUILDING > DEFENSE > WATCH > BUILDING > DEFENSE > BUILDING > DEFENSE > WATCH > CLEARING > DEFENSE > RELOAD > DEFENSE > CLEARING > DEFENSE > RELOAD > DEFENSE > WATCH > BUILDING > DEFENSE > CLEARING > DEFENSE > WATCH > CLEARING > DEFENSE > CLEARING > DEFENSE > CLEARING > DEFENSE > CLEARING > DEFENSE > CLEARING > DEFENSE > RELOAD > DEFENSE > CLEARING > DEFENSE > WATCH > BUILDING > DEFENSE > CLEARING > DEFENSE > RELOAD > DEFENSE > CLEARING > DEFENSE > WATCH > BUILDING > DEFENSE > BUILDING > DEFENSE > BUILDING > RELOAD > DEFENSE > WATCH > BUILDING > DEFENSE > CLEARING > DEFENSE > CLEARING > DEFENSE > WATCH > BUILDING > DEFENSE > CLEARING > DEFENSE > CLEARING > DEFENSE > WATCH > CLEARING > DEFENSE > WATCH > CLEARING > DEFENSE > WATCH > CLEARING > DEFENSE > WATCH > CLEARING > DEFENSE > WATCH > CLEARING > DEFENSE > WATCH > CLEARING > DEFENSE > WATCH > CLEARING > DEFENSE > CLEARING > DEFENSE > WATCH > CLEARING > DEFENSE > WATCH > BUILDING > DEFENSE > WATCH > CLEARING > DEFENSE > CLEARING > DEFENSE > WATCH > CLEARING > DEFENSE > WATCH > CLEARING > DEFENSE > WATCH > CLEARING > DEFENSE > WATCH > CLEARING > DEFENSE > WATCH > CLEARING > DEFENSE > WATCH > CLEARING > DEFENSE > CLEARING > DEFENSE > WATCH > CLEARING > DEFENSE > WATCH > CLEARING > DEFENSE > WATCH > CLEARING > DEFENSE > WATCH > CLEARING > DEFENSE > WATCH > BUILDING > DEFENSE > CLEARING > DEFENSE > WATCH > BUILDING > DEFENSE > WATCH > RELOAD > BUILDING > DEFENSE > CLEARING > DEFENSE > CLEARING > DEFENSE > WATCH > BUILDING > DEFENSE > CLEARING > DEFENSE > CLEARING > DEFENSE > CLEARING > RELOAD > DEFENSE > CLEARING > DEFENSE > BUILDING > DEFENSE > CLEARING > DEFENSE > RELOAD > DEFENSE > CLEARING > RELOAD > DEFENSE > CLEARING > DEFENSE > CLEARING > DEFENSE > CLEARING > DEFENSE > CLEARING > DEFENSE > CLEARING > DEFENSE > RELOAD > DEFENSE > CLEARING > DEFENSE > CLEARING > DEFENSE > CLEARING > DEFENSE > WATCH > CLEARING > DEFENSE > WATCH > CLEARING > DEFENSE > CLEARING > DEFENSE > CLEARING > DEFENSE > CLEARING > DEFENSE > CLEARING > DEFENSE > CLEARING > DEFENSE > CLEARING > DEFENSE > ACCEPTED,N4_REPEATED_RELOAD_DEFENSE,24292.25,4.650000000001455,-5.549999999999272,False
20260821,SHORT,24315.0,1787283890.238,1787284222.24,1787283923.989,ACCEPTED,651,5,57,0,7,BUILDING > CLEARING > RELOAD > DEFENSE > BUILDING > DEFENSE > BUILDING > DEFENSE > RELOAD > DEFENSE > CLEARING > DEFENSE > CLEARING > DEFENSE > CLEARING > RELOAD > DEFENSE > BUILDING > DEFENSE > CLEARING > DEFENSE > CLEARING > DEFENSE > RELOAD > DEFENSE > BUILDING > DEFENSE > CLEARING > DEFENSE > RELOAD > DEFENSE > ACCEPTED,N4_REPEATED_RELOAD_DEFENSE,24309.7,38.150000000001455,-9.75,False
20260824,LONG,24200.0,1787561653.45,1787562048.449,1787561916.451,ACCEPTED,783,10,482,0,37,BUILDING > RELOAD > DEFENSE > BUILDING > DEFENSE > RELOAD > DEFENSE > CLEARING > DEFENSE > CLEARING > DEFENSE > CLEARING > DEFENSE > CLEARING > DEFENSE > WATCH > BUILDING > DEFENSE > WATCH > BUILDING > DEFENSE > CLEARING > DEFENSE > RELOAD > DEFENSE > CLEARING > DEFENSE > RELOAD > DEFENSE > CLEARING > RELOAD > DEFENSE > CLEARING > DEFENSE > CLEARING > RELOAD > DEFENSE > WATCH > BUILDING > DEFENSE > CLEARING > DEFENSE > CLEARING > DEFENSE > CLEARING > DEFENSE > RELOAD > DEFENSE > CLEARING > DEFENSE > CLEARING > DEFENSE > CLEARING > RELOAD > DEFENSE > BUILDING > DEFENSE > CLEARING > DEFENSE > CLEARING > DEFENSE > CLEARING > DEFENSE > CLEARING > DEFENSE > WATCH > CLEARING > DEFENSE > CLEARING > DEFENSE > CLEARING > DEFENSE > CLEARING > DEFENSE > CLEARING > DEFENSE > CLEARING > DEFENSE > CLEARING > DEFENSE > CLEARING > DEFENSE > RELOAD > DEFENSE > CLEARING > DEFENSE > CLEARING > RELOAD > DEFENSE > WATCH > CLEARING > DEFENSE > WATCH > CLEARING > DEFENSE > CLEARING > DEFENSE > CLEARING > DEFENSE > CLEARING > DEFENSE > CLEARING > DEFENSE > CLEARING > DEFENSE > ACCEPTED,N4_REPEATED_RELOAD_DEFENSE,24203.6,16.5,-5.599999999998545,False
20260824,LONG,24205.0,1787551350.419,1787552212.42,1787551820.92,ACCEPTED,1712,85,747,0,120,BUILDING > RELOAD > DEFENSE > BUILDING > DEFENSE > RELOAD > DEFENSE > CLEARING > DEFENSE > CLEARING > DEFENSE > RELOAD > DEFENSE > CLEARING > DEFENSE > RELOAD > DEFENSE > CLEARING > DEFENSE > RELOAD > DEFENSE > WATCH > RELOAD > BUILDING > DEFENSE > CLEARING > DEFENSE > WATCH > BUILDING > CLEARING > WATCH > BUILDING > CLEARING > BUILDING > CLEARING > RELOAD > CLEARING > BUILDING > RELOAD > DEFENSE > BUILDING > DEFENSE > RELOAD > DEFENSE > BUILDING > RELOAD > DEFENSE > CLEARING > DEFENSE > RELOAD > DEFENSE > CLEARING > RELOAD > DEFENSE > CLEARING > DEFENSE > RELOAD > DEFENSE > WATCH > BUILDING > DEFENSE > CLEARING > DEFENSE > RELOAD > DEFENSE > BUILDING > DEFENSE > CLEARING > DEFENSE > RELOAD > DEFENSE > BUILDING > DEFENSE > BUILDING > RELOAD > DEFENSE > CLEARING > DEFENSE > CLEARING > RELOAD > DEFENSE > WATCH > RELOAD > CLEARING > DEFENSE > CLEARING > RELOAD > DEFENSE > CLEARING > RELOAD > DEFENSE > CLEARING > RELOAD > DEFENSE > WATCH > BUILDING > DEFENSE > BUILDING > DEFENSE > RELOAD > DEFENSE > CLEARING > DEFENSE > CLEARING > RELOAD > DEFENSE > RELOAD > DEFENSE > WATCH > BUILDING > DEFENSE > CLEARING > DEFENSE > RELOAD > DEFENSE > CLEARING > RELOAD > DEFENSE > RELOAD > DEFENSE > CLEARING > DEFENSE > RELOAD > DEFENSE > WATCH > BUILDING > DEFENSE > CLEARING > DEFENSE > RELOAD > DEFENSE > CLEARING > DEFENSE > WATCH > RELOAD > BUILDING > RELOAD > DEFENSE > CLEARING > DEFENSE > WATCH > RELOAD > CLEARING > DEFENSE > CLEARING > DEFENSE > RELOAD > DEFENSE > CLEARING > DEFENSE > RELOAD > DEFENSE > CLEARING > DEFENSE > RELOAD > DEFENSE > CLEARING > RELOAD > DEFENSE > WATCH > CLEARING > DEFENSE > CLEARING > RELOAD > DEFENSE > CLEARING > RELOAD > DEFENSE > WATCH > RELOAD > CLEARING > DEFENSE > CLEARING > RELOAD > DEFENSE > RELOAD > DEFENSE > WATCH > CLEARING > DEFENSE > WATCH > RELOAD > BUILDING > DEFENSE > CLEARING > DEFENSE > WATCH > RELOAD > CLEARING > DEFENSE > RELOAD > DEFENSE > WATCH > CLEARING > DEFENSE > WATCH > RELOAD > CLEARING > DEFENSE > RELOAD > DEFENSE > CLEARING > DEFENSE > CLEARING > RELOAD > DEFENSE > RELOAD > DEFENSE > CLEARING > DEFENSE > RELOAD > DEFENSE > RELOAD > DEFENSE > CLEARING > DEFENSE > WATCH > BUILDING > RELOAD > DEFENSE > CLEARING > DEFENSE > WATCH > CLEARING > DEFENSE > CLEARING > DEFENSE > CLEARING > RELOAD > DEFENSE > RELOAD > DEFENSE > CLEARING > RELOAD > DEFENSE > CLEARING > RELOAD > DEFENSE > WATCH > BUILDING > DEFENSE > WATCH > CLEARING > DEFENSE > WATCH > CLEARING > DEFENSE > WATCH > CLEARING > DEFENSE > RELOAD > DEFENSE > WATCH > RELOAD > BUILDING > RELOAD > DEFENSE > WATCH > BUILDING > DEFENSE > WATCH > CLEARING > DEFENSE > WATCH > RELOAD > BUILDING > RELOAD > DEFENSE > WATCH > BUILDING > DEFENSE > WATCH > RELOAD > BUILDING > DEFENSE > CLEARING > DEFENSE > WATCH > CLEARING > DEFENSE > WATCH > RELOAD > BUILDING > DEFENSE > WATCH > RELOAD > WATCH > RELOAD > CLEARING > DEFENSE > WATCH > RELOAD > WATCH > RELOAD > BUILDING > DEFENSE > WATCH > RELOAD > BUILDING > RELOAD > DEFENSE > WATCH > RELOAD > BUILDING > DEFENSE > BUILDING > DEFENSE > WATCH > RELOAD > BUILDING > DEFENSE > WATCH > RELOAD > WATCH > RELOAD > BUILDING > DEFENSE > BUILDING > DEFENSE > WATCH > BUILDING > DEFENSE > CLEARING > DEFENSE > CLEARING > RELOAD > DEFENSE > BUILDING > DEFENSE > RELOAD > DEFENSE > CLEARING > DEFENSE > RELOAD > DEFENSE > CLEARING > RELOAD > DEFENSE > CLEARING > RELOAD > DEFENSE > WATCH > BUILDING > DEFENSE > CLEARING > DEFENSE > CLEARING > RELOAD > DEFENSE > WATCH > RELOAD > BUILDING > RELOAD > DEFENSE > WATCH > BUILDING > DEFENSE > CLEARING > DEFENSE > RELOAD > DEFENSE > CLEARING > DEFENSE > CLEARING > DEFENSE > CLEARING > DEFENSE > CLEARING > DEFENSE > CLEARING > DEFENSE > CLEARING > DEFENSE > CLEARING > DEFENSE > WATCH > CLEARING > DEFENSE > CLEARING > DEFENSE > CLEARING > DEFENSE > CLEARING > DEFENSE > CLEARING > DEFENSE > CLEARING > DEFENSE > CLEARING > DEFENSE > CLEARING > DEFENSE > CLEARING > DEFENSE > CLEARING > DEFENSE > CLEARING > DEFENSE > CLEARING > DEFENSE > CLEARING > DEFENSE > RELOAD > DEFENSE > BUILDING > DEFENSE > BUILDING > RELOAD > DEFENSE > CLEARING > DEFENSE > RELOAD > DEFENSE > CLEARING > DEFENSE > CLEARING > RELOAD > DEFENSE > BUILDING > DEFENSE > CLEARING > DEFENSE > CLEARING > DEFENSE > CLEARING > DEFENSE > CLEARING > DEFENSE > CLEARING > DEFENSE > CLEARING > DEFENSE > CLEARING > DEFENSE > CLEARING > DEFENSE > CLEARING > DEFENSE > CLEARING > DEFENSE > CLEARING > DEFENSE > CLEARING > DEFENSE > CLEARING > DEFENSE > CLEARING > DEFENSE > CLEARING > DEFENSE > CLEARING > DEFENSE > CLEARING > DEFENSE > ACCEPTED,N4_REPEATED_RELOAD_DEFENSE,24208.9,13.25,-6.700000000000728,False
20260824,LONG,24215.0,1787552212.919,1787561652.953,1787552244.418,ACCEPTED,18760,5,58,0,4,BUILDING > RELOAD > DEFENSE > BUILDING > DEFENSE > CLEARING > DEFENSE > RELOAD > DEFENSE > BUILDING > DEFENSE > RELOAD > DEFENSE > RELOAD > DEFENSE > CLEARING > DEFENSE > RELOAD > DEFENSE > ACCEPTED,N4_REPEATED_RELOAD_DEFENSE,24218.2,3.9500000000007276,-13.25,False
20260824,LONG,24215.0,1787562048.951,1787566061.211,1787562075.195,ACCEPTED,7956,3,47,0,3,BUILDING > RELOAD > DEFENSE > CLEARING > DEFENSE > RELOAD > DEFENSE > CLEARING > DEFENSE > RELOAD > DEFENSE > CLEARING > DEFENSE > EXTENDING,N4_REPEATED_RELOAD_DEFENSE,24217.5,2.599999999998545,-12.450000000000728,False
20260824,LONG,24215.0,1787566093.838,1787566178.954,1787566093.838,ACCEPTED,172,159,7489,0,1,WATCH > RELOAD > DEFENSE,N4_REPEATED_RELOAD_DEFENSE,24204.1,0.0,-12.19999999999709,True
20260824,LONG,24235.0,1787551236.669,1787551378.418,,NONE,227,1,0,0,193,WATCH > RELOAD > WATCH,OTHER,24206.3,,,
20260824,LONG,24250.0,1787550118.411,1787551236.168,,NONE,2223,15,725,0,1220,WATCH > BUILDING > WATCH > BUILDING > WATCH > BUILDING > CLEARING > WATCH > BUILDING > WATCH > BUILDING > WATCH > BUILDING > WATCH > BUILDING > WATCH > BUILDING > WATCH > RELOAD > BUILDING > DEFENSE > WATCH > BUILDING > DEFENSE > CLEARING > DEFENSE > CLEARING > DEFENSE > WATCH > BUILDING > DEFENSE > BUILDING > RELOAD > DEFENSE > CLEARING > DEFENSE > WATCH > BUILDING > DEFENSE > CLEARING > DEFENSE > CLEARING > DEFENSE > BUILDING > DEFENSE > CLEARING > DEFENSE > CLEARING > DEFENSE > RELOAD > DEFENSE > BUILDING > DEFENSE > CLEARING > DEFENSE > WATCH > BUILDING > DEFENSE > WATCH > BUILDING > DEFENSE > WATCH > BUILDING > DEFENSE > WATCH > RELOAD > WATCH > CLEARING > DEFENSE > WATCH > BUILDING > DEFENSE > WATCH > CLEARING > DEFENSE > WATCH > RELOAD > BUILDING > DEFENSE > CLEARING > DEFENSE > WATCH > BUILDING > DEFENSE > CLEARING > DEFENSE > WATCH > BUILDING > DEFENSE > BUILDING > RELOAD > DEFENSE > CLEARING > DEFENSE > WATCH > BUILDING > DEFENSE > WATCH > BUILDING > DEFENSE > WATCH > BUILDING > DEFENSE > WATCH > BUILDING > DEFENSE > WATCH > BUILDING > DEFENSE > BUILDING > DEFENSE > CLEARING > DEFENSE > WATCH > BUILDING > RELOAD > DEFENSE > WATCH > BUILDING > DEFENSE > CLEARING > DEFENSE > WATCH > CLEARING > DEFENSE > CLEARING > DEFENSE > WATCH > BUILDING > DEFENSE > CLEARING > DEFENSE > CLEARING > DEFENSE > WATCH > CLEARING > DEFENSE > WATCH > BUILDING > DEFENSE > CLEARING > DEFENSE > BUILDING > DEFENSE > WATCH > CLEARING > DEFENSE > WATCH > RELOAD > CLEARING > DEFENSE > WATCH > CLEARING > DEFENSE > WATCH > BUILDING > DEFENSE > WATCH > BUILDING > RELOAD > DEFENSE > CLEARING > DEFENSE > WATCH > BUILDING > DEFENSE > WATCH > BUILDING > DEFENSE > CLEARING > DEFENSE > BUILDING > DEFENSE > CLEARING > DEFENSE > WATCH > RELOAD > BUILDING > DEFENSE > WATCH > BUILDING > DEFENSE > WATCH > BUILDING > DEFENSE > CLEARING > DEFENSE > WATCH > BUILDING > DEFENSE > WATCH > BUILDING > DEFENSE > WATCH > BUILDING > RELOAD > DEFENSE > WATCH > BUILDING > DEFENSE > BUILDING > DEFENSE > WATCH > BUILDING > DEFENSE > WATCH > BUILDING > DEFENSE > WATCH > BUILDING > DEFENSE > WATCH > CLEARING > DEFENSE > WATCH > BUILDING > DEFENSE > WATCH > CLEARING > DEFENSE > WATCH > CLEARING > DEFENSE > CLEARING > DEFENSE > WATCH > CLEARING > DEFENSE > CLEARING > DEFENSE > CLEARING > DEFENSE > WATCH > BUILDING > DEFENSE > CLEARING > DEFENSE > CLEARING > DEFENSE > WATCH > BUILDING > DEFENSE > WATCH > BUILDING > DEFENSE > WATCH > BUILDING > DEFENSE > WATCH > CLEARING > DEFENSE > WATCH > BUILDING > DEFENSE > WATCH > BUILDING > DEFENSE > WATCH > BUILDING > DEFENSE > WATCH > BUILDING > DEFENSE > WATCH > BUILDING > DEFENSE > CLEARING > DEFENSE > RELOAD > DEFENSE > CLEARING > DEFENSE > WATCH > BUILDING > DEFENSE > BUILDING > DEFENSE > WATCH > BUILDING > DEFENSE > WATCH > BUILDING > DEFENSE > WATCH > BUILDING > DEFENSE > WATCH > CLEARING > DEFENSE > CLEARING > DEFENSE > WATCH > BUILDING > DEFENSE > WATCH > BUILDING > DEFENSE > WATCH > BUILDING > DEFENSE > RELOAD > DEFENSE > WATCH > BUILDING > DEFENSE > WATCH > BUILDING > DEFENSE > WATCH > BUILDING > DEFENSE > CLEARING > DEFENSE > WATCH > BUILDING > DEFENSE > CLEARING > DEFENSE > WATCH > CLEARING > DEFENSE > CLEARING > DEFENSE > CLEARING > DEFENSE > WATCH > CLEARING > DEFENSE > CLEARING > DEFENSE > WATCH > CLEARING > DEFENSE > WATCH > CLEARING > DEFENSE > WATCH > BUILDING > DEFENSE > CLEARING > DEFENSE > CLEARING > DEFENSE > CLEARING > DEFENSE > WATCH > BUILDING > DEFENSE > WATCH > BUILDING > DEFENSE > WATCH > BUILDING > DEFENSE > CLEARING > DEFENSE > WATCH > BUILDING > DEFENSE > WATCH > CLEARING > DEFENSE > WATCH > CLEARING > DEFENSE > WATCH > BUILDING > DEFENSE > CLEARING > DEFENSE > CLEARING > DEFENSE > WATCH > CLEARING > DEFENSE > WATCH > BUILDING > DEFENSE > WATCH > BUILDING > DEFENSE > WATCH > CLEARING > DEFENSE > WATCH > BUILDING > DEFENSE > WATCH > BUILDING > DEFENSE > CLEARING > DEFENSE > WATCH > BUILDING > DEFENSE > WATCH > BUILDING > DEFENSE > CLEARING > DEFENSE > WATCH > RELOAD > WATCH > RELOAD > WATCH > CLEARING > DEFENSE > WATCH,OTHER,24214.6,,,
20260824,LONG,24265.0,1787549630.158,1787550117.91,,NONE,963,23,115,0,404,BUILDING > CLEARING > BUILDING > WATCH > BUILDING > WATCH > BUILDING > RELOAD > DEFENSE > WATCH > CLEARING > DEFENSE > CLEARING > RELOAD > DEFENSE > WATCH > BUILDING > DEFENSE > WATCH > BUILDING > DEFENSE > WATCH > BUILDING > DEFENSE > WATCH > BUILDING > DEFENSE > WATCH > RELOAD > WATCH > BUILDING > DEFENSE > WATCH > RELOAD > BUILDING > DEFENSE > WATCH > RELOAD > WATCH > RELOAD > WATCH > RELOAD > WATCH > RELOAD > WATCH > BUILDING > RELOAD > DEFENSE > WATCH > RELOAD > BUILDING > DEFENSE > WATCH > BUILDING > DEFENSE > WATCH > RELOAD > BUILDING > DEFENSE > WATCH > BUILDING > DEFENSE > WATCH > BUILDING > DEFENSE > WATCH > BUILDING > DEFENSE > WATCH > BUILDING > DEFENSE > WATCH > BUILDING > DEFENSE > BUILDING > DEFENSE > WATCH > BUILDING > DEFENSE > WATCH > BUILDING > DEFENSE > WATCH > BUILDING > DEFENSE > WATCH > CLEARING > DEFENSE > WATCH > BUILDING > DEFENSE > CLEARING > DEFENSE > WATCH > BUILDING > RELOAD > DEFENSE > WATCH > BUILDING > DEFENSE > WATCH > BUILDING > RELOAD > DEFENSE > CLEARING > DEFENSE > CLEARING > DEFENSE > WATCH > RELOAD > BUILDING > DEFENSE > WATCH > CLEARING > DEFENSE > WATCH > CLEARING > DEFENSE > WATCH > CLEARING > DEFENSE > WATCH > CLEARING > DEFENSE > WATCH > RELOAD > BUILDING > DEFENSE > WATCH > BUILDING > DEFENSE > WATCH > RELOAD > BUILDING > DEFENSE > WATCH > RELOAD > BUILDING > DEFENSE > WATCH > CLEARING > DEFENSE > WATCH > CLEARING > DEFENSE > CLEARING > DEFENSE > WATCH > CLEARING > DEFENSE > WATCH > RELOAD > CLEARING > DEFENSE > WATCH > CLEARING > DEFENSE > WATCH > CLEARING > DEFENSE > WATCH > RELOAD > BUILDING > DEFENSE > WATCH > BUILDING > DEFENSE > WATCH > BUILDING > DEFENSE > WATCH > RELOAD > BUILDING > DEFENSE > WATCH > CLEARING > DEFENSE > WATCH > RELOAD > WATCH > RELOAD > WATCH > RELOAD > WATCH,OTHER,24239.85,,,
20260824,LONG,24280.0,1787549381.409,1787549629.909,1787549425.661,ACCEPTED,488,1,83,0,3,BUILDING > RELOAD > DEFENSE > BUILDING > DEFENSE > CLEARING > DEFENSE > CLEARING > DEFENSE > ACCEPTED,N4_REPEATED_RELOAD_DEFENSE,24284.0,6.299999999999272,-41.599999999998545,False
20260824,LONG,24310.0,1787549370.411,1787549380.912,,NONE,22,0,0,0,7,WATCH,OTHER,24272.8,,,
20260824,LONG,24325.0,1787544731.649,1787549369.909,,NONE,9223,228,5751,0,2479,WATCH > BUILDING > WATCH > BUILDING > WATCH > BUILDING > WATCH > BUILDING > CLEARING > RELOAD > DEFENSE > CLEARING > DEFENSE > WATCH > BUILDING > DEFENSE > WATCH > RELOAD > BUILDING > DEFENSE > BUILDING > DEFENSE > BUILDING > DEFENSE > CLEARING > DEFENSE > CLEARING > DEFENSE > CLEARING > RELOAD > DEFENSE > CLEARING > DEFENSE > WATCH > BUILDING > DEFENSE > CLEARING > DEFENSE > CLEARING > DEFENSE > CLEARING > RELOAD > DEFENSE > CLEARING > RELOAD > DEFENSE > CLEARING > DEFENSE > CLEARING > DEFENSE > RELOAD > DEFENSE > CLEARING > RELOAD > DEFENSE > CLEARING > DEFENSE > CLEARING > DEFENSE > BUILDING > DEFENSE > RELOAD > DEFENSE > WATCH > BUILDING > RELOAD > DEFENSE > CLEARING > DEFENSE > RELOAD > DEFENSE > WATCH > BUILDING > DEFENSE > BUILDING > DEFENSE > CLEARING > DEFENSE > CLEARING > RELOAD > DEFENSE > RELOAD > DEFENSE > BUILDING > DEFENSE > CLEARING > DEFENSE > RELOAD > DEFENSE > CLEARING > DEFENSE > CLEARING > DEFENSE > CLEARING > DEFENSE > CLEARING > DEFENSE > RELOAD > DEFENSE > CLEARING > DEFENSE > CLEARING > DEFENSE > CLEARING > DEFENSE > CLEARING > DEFENSE > CLEARING > DEFENSE > RELOAD > DEFENSE > CLEARING > DEFENSE > CLEARING > DEFENSE > RELOAD > DEFENSE > CLEARING > DEFENSE > WATCH > BUILDING > RELOAD > DEFENSE > CLEARING > DEFENSE > CLEARING > DEFENSE > CLEARING > DEFENSE > CLEARING > DEFENSE > RELOAD > DEFENSE > CLEARING > DEFENSE > CLEARING > DEFENSE > CLEARING > DEFENSE > CLEARING > DEFENSE > RELOAD > DEFENSE > CLEARING > DEFENSE > CLEARING > DEFENSE > CLEARING > DEFENSE > CLEARING > DEFENSE > CLEARING > DEFENSE > CLEARING > DEFENSE > CLEARING > RELOAD > DEFENSE > CLEARING > DEFENSE > CLEARING > RELOAD > DEFENSE > RELOAD > DEFENSE > CLEARING > DEFENSE > CLEARING > DEFENSE > RELOAD > DEFENSE > CLEARING > DEFENSE > RELOAD > DEFENSE > CLEARING > DEFENSE > RELOAD > DEFENSE > CLEARING > DEFENSE > CLEARING > DEFENSE > RELOAD > DEFENSE > CLEARING > RELOAD > DEFENSE > BUILDING > DEFENSE > RELOAD > DEFENSE > BUILDING > DEFENSE > CLEARING > DEFENSE > RELOAD > DEFENSE > CLEARING > DEFENSE > CLEARING > RELOAD > DEFENSE > CLEARING > RELOAD > DEFENSE > CLEARING > DEFENSE > CLEARING > DEFENSE > CLEARING > RELOAD > DEFENSE > CLEARING > DEFENSE > WATCH > BUILDING > DEFENSE > RELOAD > DEFENSE > WATCH > BUILDING > DEFENSE > WATCH > BUILDING > DEFENSE > BUILDING > DEFENSE > WATCH > BUILDING > DEFENSE > BUILDING > DEFENSE > WATCH > RELOAD > BUILDING > DEFENSE > WATCH > BUILDING > DEFENSE > BUILDING > DEFENSE > CLEARING > DEFENSE > RELOAD > DEFENSE > CLEARING > DEFENSE > CLEARING > DEFENSE > CLEARING > DEFENSE > CLEARING > DEFENSE > CLEARING > RELOAD > DEFENSE > CLEARING > DEFENSE > WATCH > BUILDING > DEFENSE > WATCH > BUILDING > DEFENSE > CLEARING > DEFENSE > CLEARING > DEFENSE > BUILDING > DEFENSE > WATCH > RELOAD > BUILDING > DEFENSE > WATCH > BUILDING > DEFENSE > BUILDING > DEFENSE > CLEARING > DEFENSE > CLEARING > DEFENSE > CLEARING > DEFENSE > BUILDING > DEFENSE > BUILDING > RELOAD > DEFENSE > CLEARING > DEFENSE > CLEARING > DEFENSE > CLEARING > DEFENSE > RELOAD > DEFENSE > WATCH > BUILDING > DEFENSE > BUILDING > DEFENSE > CLEARING > DEFENSE > RELOAD > DEFENSE > CLEARING > DEFENSE > CLEARING > DEFENSE > CLEARING > DEFENSE > CLEARING > DEFENSE > WATCH > BUILDING > DEFENSE > WATCH > RELOAD > BUILDING > DEFENSE > WATCH > BUILDING > DEFENSE > CLEARING > DEFENSE > CLEARING > RELOAD > DEFENSE > CLEARING > DEFENSE > WATCH > CLEARING > DEFENSE > CLEARING > DEFENSE > RELOAD > DEFENSE > CLEARING > DEFENSE > RELOAD > DEFENSE > CLEARING > DEFENSE > CLEARING > DEFENSE > RELOAD > DEFENSE > WATCH > BUILDING > DEFENSE > WATCH > BUILDING > DEFENSE > BUILDING > DEFENSE > CLEARING > DEFENSE > CLEARING > DEFENSE > CLEARING > DEFENSE > CLEARING > RELOAD > DEFENSE > CLEARING > DEFENSE > RELOAD > DEFENSE > WATCH > BUILDING > DEFENSE > WATCH > CLEARING > DEFENSE > CLEARING > DEFENSE > CLEARING > DEFENSE > WATCH > CLEARING > DEFENSE > WATCH > BUILDING > DEFENSE > RELOAD > DEFENSE > CLEARING > DEFENSE > RELOAD > DEFENSE > CLEARING > DEFENSE > CLEARING > DEFENSE > CLEARING > DEFENSE > CLEARING > DEFENSE > CLEARING > DEFENSE > WATCH > BUILDING > DEFENSE > CLEARING > DEFENSE > WATCH > BUILDING > DEFENSE > CLEARING > DEFENSE > RELOAD > DEFENSE > CLEARING > DEFENSE > CLEARING > RELOAD > DEFENSE > RELOAD > DEFENSE > CLEARING > DEFENSE > CLEARING > DEFENSE > CLEARING > DEFENSE > CLEARING > RELOAD > DEFENSE > WATCH > BUILDING > DEFENSE > WATCH > BUILDING > DEFENSE > WATCH > BUILDING > DEFENSE > CLEARING > DEFENSE > CLEARING > DEFENSE > WATCH > BUILDING > DEFENSE > CLEARING > DEFENSE > CLEARING > RELOAD > DEFENSE > BUILDING > DEFENSE > CLEARING > DEFENSE > CLEARING > DEFENSE > CLEARING > RELOAD > DEFENSE > RELOAD > DEFENSE > CLEARING > DEFENSE > CLEARING > DEFENSE > RELOAD > DEFENSE > CLEARING > DEFENSE > CLEARING > DEFENSE > RELOAD > DEFENSE > BUILDING > DEFENSE > CLEARING > DEFENSE > CLEARING > RELOAD > DEFENSE > WATCH > BUILDING > DEFENSE > RELOAD > DEFENSE > CLEARING > DEFENSE > RELOAD > DEFENSE > CLEARING > DEFENSE > CLEARING > DEFENSE > CLEARING > RELOAD > DEFENSE > RELOAD > DEFENSE > WATCH > CLEARING > DEFENSE > CLEARING > DEFENSE > CLEARING > DEFENSE > WATCH > CLEARING > DEFENSE > CLEARING > DEFENSE > WATCH > CLEARING > DEFENSE > CLEARING > DEFENSE > WATCH > BUILDING > DEFENSE > CLEARING > DEFENSE > CLEARING > DEFENSE > CLEARING > RELOAD > DEFENSE > WATCH > BUILDING > DEFENSE > CLEARING > DEFENSE > WATCH > RELOAD > BUILDING > DEFENSE > CLEARING > DEFENSE > CLEARING > DEFENSE > CLEARING > RELOAD > DEFENSE > RELOAD > DEFENSE > WATCH > RELOAD > BUILDING > RELOAD > DEFENSE > WATCH > BUILDING > DEFENSE > WATCH > BUILDING > DEFENSE > CLEARING > DEFENSE > CLEARING > DEFENSE > WATCH > RELOAD > BUILDING > DEFENSE > WATCH > BUILDING > DEFENSE > WATCH > BUILDING > DEFENSE > WATCH > BUILDING > DEFENSE > BUILDING > DEFENSE > CLEARING > DEFENSE > CLEARING > RELOAD > DEFENSE > WATCH > BUILDING > DEFENSE > CLEARING > DEFENSE > CLEARING > DEFENSE > BUILDING > DEFENSE > WATCH > RELOAD > WATCH > BUILDING > DEFENSE > CLEARING > DEFENSE > WATCH > CLEARING > DEFENSE > CLEARING > DEFENSE > CLEARING > DEFENSE > CLEARING > DEFENSE > RELOAD > DEFENSE > RELOAD > DEFENSE > WATCH > BUILDING > RELOAD > DEFENSE > WATCH > CLEARING > DEFENSE > CLEARING > RELOAD > DEFENSE > CLEARING > DEFENSE > RELOAD > DEFENSE > WATCH > BUILDING > DEFENSE > BUILDING > DEFENSE > CLEARING > DEFENSE > CLEARING > DEFENSE > WATCH > BUILDING > DEFENSE > CLEARING > DEFENSE > CLEARING > DEFENSE > RELOAD > DEFENSE > CLEARING > DEFENSE > CLEARING > DEFENSE > WATCH > BUILDING > DEFENSE > BUILDING > DEFENSE > CLEARING > DEFENSE > RELOAD > DEFENSE > WATCH > BUILDING > DEFENSE > CLEARING > DEFENSE > WATCH > BUILDING > DEFENSE > BUILDING > DEFENSE > WATCH > BUILDING > DEFENSE > BUILDING > DEFENSE > BUILDING > DEFENSE > CLEARING > DEFENSE > RELOAD > DEFENSE > CLEARING > DEFENSE > WATCH > BUILDING > DEFENSE > WATCH > BUILDING > DEFENSE > WATCH > RELOAD > BUILDING > DEFENSE > WATCH > BUILDING > DEFENSE > BUILDING > DEFENSE > WATCH > BUILDING > DEFENSE > WATCH > BUILDING > DEFENSE > WATCH > BUILDING > DEFENSE > WATCH > RELOAD > WATCH > RELOAD > WATCH > BUILDING > DEFENSE > WATCH > BUILDING > DEFENSE > WATCH > BUILDING > RELOAD > DEFENSE > WATCH > BUILDING > DEFENSE > WATCH > BUILDING > DEFENSE > BUILDING > DEFENSE > WATCH > BUILDING > DEFENSE > WATCH > BUILDING > DEFENSE > WATCH > BUILDING > DEFENSE > WATCH > BUILDING > DEFENSE > WATCH > CLEARING > DEFENSE > CLEARING > DEFENSE > WATCH > RELOAD > BUILDING > DEFENSE > CLEARING > DEFENSE > CLEARING > DEFENSE > CLEARING > DEFENSE > CLEARING > RELOAD > DEFENSE > CLEARING > DEFENSE > WATCH > RELOAD > BUILDING > DEFENSE > WATCH > BUILDING > DEFENSE > CLEARING > DEFENSE > WATCH > BUILDING > DEFENSE > CLEARING > DEFENSE > CLEARING > RELOAD > DEFENSE > CLEARING > DEFENSE > RELOAD > DEFENSE > CLEARING > DEFENSE > CLEARING > DEFENSE > CLEARING > DEFENSE > RELOAD > DEFENSE > RELOAD > DEFENSE > CLEARING > DEFENSE > CLEARING > DEFENSE > CLEARING > DEFENSE > CLEARING > DEFENSE > CLEARING > DEFENSE > CLEARING > DEFENSE > CLEARING > RELOAD > DEFENSE > CLEARING > DEFENSE > WATCH > BUILDING > DEFENSE > CLEARING > DEFENSE > RELOAD > DEFENSE > CLEARING > DEFENSE > CLEARING > DEFENSE > CLEARING > DEFENSE > CLEARING > DEFENSE > WATCH > BUILDING > DEFENSE > WATCH > BUILDING > DEFENSE > CLEARING > DEFENSE > RELOAD > DEFENSE > CLEARING > DEFENSE > RELOAD > DEFENSE > CLEARING > DEFENSE > RELOAD > DEFENSE > CLEARING > DEFENSE > CLEARING > DEFENSE > CLEARING > DEFENSE > CLEARING > DEFENSE > CLEARING > DEFENSE > CLEARING > DEFENSE > CLEARING > DEFENSE > CLEARING > DEFENSE > CLEARING > RELOAD > DEFENSE > CLEARING > DEFENSE > WATCH > BUILDING > DEFENSE > CLEARING > DEFENSE > CLEARING > DEFENSE > WATCH > CLEARING > DEFENSE > RELOAD > DEFENSE > CLEARING > DEFENSE > CLEARING > DEFENSE > CLEARING > DEFENSE > CLEARING > RELOAD > DEFENSE > BUILDING > DEFENSE > RELOAD > DEFENSE > CLEARING > DEFENSE > CLEARING > RELOAD > DEFENSE > BUILDING > DEFENSE > CLEARING > DEFENSE > RELOAD > DEFENSE > WATCH > BUILDING > DEFENSE > CLEARING > DEFENSE > RELOAD > DEFENSE > CLEARING > DEFENSE > WATCH > BUILDING > DEFENSE > BUILDING > DEFENSE > WATCH > BUILDING > DEFENSE > WATCH > BUILDING > RELOAD > DEFENSE > WATCH > BUILDING > DEFENSE > WATCH > RELOAD > WATCH > RELOAD > WATCH > RELOAD > WATCH > RELOAD > WATCH > RELOAD > WATCH > RELOAD > WATCH > RELOAD > WATCH > RELOAD > WATCH > RELOAD > WATCH > RELOAD > WATCH > RELOAD > WATCH > RELOAD > WATCH > RELOAD > WATCH > BUILDING > DEFENSE > WATCH > RELOAD > BUILDING > DEFENSE > WATCH > BUILDING > DEFENSE > WATCH > BUILDING > RELOAD > DEFENSE > WATCH > RELOAD > WATCH > BUILDING > DEFENSE > WATCH > RELOAD > WATCH > RELOAD > WATCH > RELOAD > WATCH > RELOAD > WATCH > RELOAD > WATCH > RELOAD > WATCH > BUILDING > RELOAD > DEFENSE > WATCH > BUILDING > DEFENSE > WATCH > RELOAD > BUILDING > DEFENSE > WATCH > BUILDING > RELOAD > DEFENSE > WATCH > BUILDING > DEFENSE > BUILDING > DEFENSE > WATCH > BUILDING > DEFENSE > WATCH > BUILDING > DEFENSE > WATCH > BUILDING > DEFENSE > WATCH > RELOAD > BUILDING > RELOAD > DEFENSE > WATCH > BUILDING > RELOAD > DEFENSE > WATCH > BUILDING > DEFENSE > WATCH > BUILDING > DEFENSE > WATCH > BUILDING > DEFENSE > WATCH > BUILDING > DEFENSE > WATCH > BUILDING > DEFENSE > WATCH > BUILDING > DEFENSE > WATCH > BUILDING > DEFENSE > BUILDING > DEFENSE > WATCH > BUILDING > DEFENSE > WATCH > BUILDING > DEFENSE > WATCH > BUILDING > RELOAD > DEFENSE > WATCH > BUILDING > DEFENSE > WATCH > BUILDING > DEFENSE > BUILDING > DEFENSE > WATCH > BUILDING > DEFENSE > WATCH > RELOAD > BUILDING > DEFENSE > WATCH > RELOAD > WATCH > RELOAD > WATCH > RELOAD > WATCH > RELOAD > WATCH > RELOAD > WATCH > RELOAD > WATCH > RELOAD > WATCH > RELOAD > WATCH > BUILDING > RELOAD > DEFENSE > WATCH > BUILDING > DEFENSE > WATCH > RELOAD > WATCH > BUILDING > RELOAD > DEFENSE > WATCH > RELOAD > WATCH > RELOAD > WATCH > BUILDING > DEFENSE > WATCH > BUILDING > DEFENSE > WATCH > RELOAD > WATCH > BUILDING > RELOAD > DEFENSE > WATCH > BUILDING > DEFENSE > WATCH > BUILDING > DEFENSE > WATCH > BUILDING > DEFENSE > WATCH > RELOAD > WATCH > RELOAD > BUILDING > RELOAD > DEFENSE > WATCH > RELOAD > WATCH > RELOAD > BUILDING > DEFENSE > WATCH > RELOAD > WATCH > RELOAD > WATCH > RELOAD > WATCH > RELOAD > WATCH > RELOAD > WATCH > RELOAD > WATCH > RELOAD > WATCH > RELOAD > WATCH > BUILDING > RELOAD > DEFENSE > WATCH > RELOAD > WATCH > RELOAD > WATCH > RELOAD > WATCH > RELOAD > BUILDING > RELOAD > DEFENSE > WATCH > BUILDING > DEFENSE > WATCH > BUILDING > DEFENSE > WATCH > RELOAD > BUILDING > DEFENSE > WATCH > BUILDING > DEFENSE > WATCH > BUILDING > DEFENSE > WATCH > BUILDING > DEFENSE > WATCH > RELOAD > WATCH > BUILDING > DEFENSE > WATCH > BUILDING > DEFENSE > WATCH > BUILDING > DEFENSE > WATCH > BUILDING > DEFENSE > WATCH > BUILDING > RELOAD > DEFENSE > WATCH > BUILDING > DEFENSE > WATCH > BUILDING > DEFENSE > WATCH > BUILDING > DEFENSE > WATCH > BUILDING > DEFENSE > WATCH > BUILDING > DEFENSE > WATCH > BUILDING > RELOAD > DEFENSE > WATCH > BUILDING > DEFENSE > WATCH > CLEARING > DEFENSE > WATCH > BUILDING > DEFENSE > WATCH > BUILDING > DEFENSE > WATCH > BUILDING > DEFENSE > WATCH > RELOAD > BUILDING > DEFENSE > WATCH > BUILDING > DEFENSE > WATCH > BUILDING > DEFENSE > WATCH > BUILDING > DEFENSE > WATCH > RELOAD > BUILDING > DEFENSE > WATCH > BUILDING > DEFENSE > WATCH > RELOAD > BUILDING > DEFENSE > WATCH > BUILDING > DEFENSE > WATCH > BUILDING > RELOAD > DEFENSE > WATCH > BUILDING > DEFENSE > WATCH > BUILDING > DEFENSE > WATCH > BUILDING > DEFENSE > WATCH > BUILDING > DEFENSE > WATCH > BUILDING > DEFENSE > WATCH > RELOAD > BUILDING > DEFENSE > WATCH > BUILDING > RELOAD > DEFENSE > WATCH > BUILDING > DEFENSE > WATCH > BUILDING > DEFENSE > BUILDING > DEFENSE > WATCH > BUILDING > DEFENSE > WATCH > BUILDING > DEFENSE > WATCH > BUILDING > DEFENSE > BUILDING > DEFENSE > CLEARING > DEFENSE > CLEARING > RELOAD > DEFENSE > BUILDING > DEFENSE > WATCH > RELOAD > WATCH > BUILDING > RELOAD > DEFENSE > WATCH > RELOAD > BUILDING > DEFENSE > WATCH > BUILDING > DEFENSE > BUILDING > RELOAD > DEFENSE > BUILDING > RELOAD > DEFENSE > BUILDING > DEFENSE > WATCH > BUILDING > DEFENSE > BUILDING > RELOAD > DEFENSE > RELOAD > DEFENSE > BUILDING > DEFENSE > BUILDING > DEFENSE > WATCH > BUILDING > DEFENSE > BUILDING > DEFENSE > WATCH > BUILDING > DEFENSE > RELOAD > DEFENSE > WATCH > BUILDING > DEFENSE > WATCH > BUILDING > DEFENSE > WATCH > BUILDING > DEFENSE > WATCH > BUILDING > DEFENSE > BUILDING > DEFENSE > WATCH > BUILDING > DEFENSE > BUILDING > DEFENSE > WATCH > BUILDING > DEFENSE > CLEARING > DEFENSE > WATCH > CLEARING > DEFENSE > WATCH > CLEARING > DEFENSE > CLEARING > DEFENSE > CLEARING > DEFENSE > CLEARING > DEFENSE > CLEARING > DEFENSE > CLEARING > DEFENSE > WATCH > BUILDING > DEFENSE > WATCH > BUILDING > DEFENSE > CLEARING > DEFENSE > CLEARING > DEFENSE > WATCH > BUILDING > DEFENSE > CLEARING > DEFENSE > CLEARING > DEFENSE > CLEARING > DEFENSE > CLEARING > DEFENSE > WATCH > BUILDING > DEFENSE > CLEARING > DEFENSE > CLEARING > DEFENSE > CLEARING > DEFENSE > CLEARING > DEFENSE > RELOAD > DEFENSE > BUILDING > DEFENSE > CLEARING > DEFENSE > CLEARING > RELOAD > DEFENSE > WATCH > BUILDING > DEFENSE > CLEARING > DEFENSE > CLEARING > DEFENSE > CLEARING > DEFENSE > CLEARING > DEFENSE > CLEARING > DEFENSE > WATCH > CLEARING > DEFENSE > CLEARING > DEFENSE > CLEARING > DEFENSE > CLEARING > DEFENSE > CLEARING > DEFENSE > CLEARING > DEFENSE > CLEARING > DEFENSE > CLEARING > DEFENSE > CLEARING > DEFENSE > CLEARING > DEFENSE > CLEARING > DEFENSE > CLEARING > DEFENSE > CLEARING > DEFENSE > CLEARING > DEFENSE > CLEARING > DEFENSE > CLEARING > DEFENSE > CLEARING > DEFENSE > CLEARING > DEFENSE > CLEARING > DEFENSE > CLEARING > DEFENSE > CLEARING > DEFENSE > CLEARING > DEFENSE > CLEARING > DEFENSE > CLEARING > DEFENSE > CLEARING > DEFENSE > CLEARING > DEFENSE > CLEARING > DEFENSE > CLEARING > DEFENSE > CLEARING > DEFENSE > CLEARING > DEFENSE > CLEARING > DEFENSE > CLEARING > DEFENSE > CLEARING > DEFENSE > CLEARING > DEFENSE > CLEARING > DEFENSE > CLEARING > DEFENSE > CLEARING > DEFENSE > CLEARING > DEFENSE > CLEARING > DEFENSE > CLEARING > DEFENSE > CLEARING > DEFENSE > CLEARING > DEFENSE > CLEARING > DEFENSE > CLEARING > DEFENSE > CLEARING > DEFENSE > CLEARING > DEFENSE > CLEARING > DEFENSE > CLEARING > DEFENSE > CLEARING > DEFENSE > CLEARING > DEFENSE > CLEARING > DEFENSE > CLEARING > DEFENSE > CLEARING > DEFENSE > CLEARING > DEFENSE > CLEARING > DEFENSE > CLEARING > DEFENSE > CLEARING > DEFENSE > CLEARING > DEFENSE > CLEARING > DEFENSE > CLEARING > DEFENSE > CLEARING > DEFENSE > CLEARING > DEFENSE > CLEARING > DEFENSE > CLEARING > DEFENSE > CLEARING > DEFENSE > CLEARING > DEFENSE > CLEARING > DEFENSE > WATCH > BUILDING > DEFENSE > WATCH > BUILDING > DEFENSE > CLEARING > DEFENSE > CLEARING > DEFENSE > CLEARING > DEFENSE > CLEARING > DEFENSE > CLEARING > RELOAD > DEFENSE > CLEARING > DEFENSE > CLEARING > DEFENSE > CLEARING > DEFENSE > CLEARING > DEFENSE > CLEARING > DEFENSE > CLEARING > DEFENSE > CLEARING > DEFENSE > CLEARING > DEFENSE > CLEARING > DEFENSE > CLEARING > DEFENSE > CLEARING > DEFENSE > CLEARING > DEFENSE > CLEARING > DEFENSE > WATCH > BUILDING > DEFENSE > CLEARING > DEFENSE > CLEARING > RELOAD > DEFENSE > WATCH > BUILDING > DEFENSE > WATCH > BUILDING > DEFENSE > CLEARING > DEFENSE > CLEARING > DEFENSE > WATCH > BUILDING > DEFENSE > WATCH > CLEARING > DEFENSE > CLEARING > DEFENSE > WATCH > BUILDING > DEFENSE > CLEARING > DEFENSE > CLEARING > DEFENSE > CLEARING > DEFENSE > BUILDING > DEFENSE > WATCH > BUILDING > DEFENSE > BUILDING > RELOAD > DEFENSE > CLEARING > DEFENSE > CLEARING > RELOAD > DEFENSE > RELOAD > DEFENSE > CLEARING > DEFENSE > WATCH > BUILDING > DEFENSE > WATCH > BUILDING > DEFENSE > CLEARING > DEFENSE > WATCH > BUILDING > DEFENSE > CLEARING > DEFENSE > CLEARING > DEFENSE > CLEARING > DEFENSE > CLEARING > DEFENSE > CLEARING > DEFENSE > CLEARING > DEFENSE > CLEARING > RELOAD > DEFENSE > CLEARING > DEFENSE > CLEARING > DEFENSE > CLEARING > DEFENSE > CLEARING > DEFENSE > WATCH > CLEARING > DEFENSE > WATCH > CLEARING > DEFENSE > CLEARING > DEFENSE > CLEARING > DEFENSE > CLEARING > DEFENSE > CLEARING > DEFENSE > WATCH > CLEARING > DEFENSE > CLEARING > DEFENSE > CLEARING > DEFENSE > CLEARING > DEFENSE > CLEARING > DEFENSE > WATCH > BUILDING > DEFENSE > CLEARING > DEFENSE > CLEARING > DEFENSE > WATCH > CLEARING > DEFENSE > CLEARING > DEFENSE > WATCH > CLEARING > DEFENSE > CLEARING > DEFENSE > WATCH > BUILDING > DEFENSE > WATCH > BUILDING > DEFENSE > WATCH > BUILDING > DEFENSE > CLEARING > DEFENSE > WATCH > CLEARING > DEFENSE > CLEARING > DEFENSE > CLEARING > DEFENSE > CLEARING > DEFENSE > CLEARING > DEFENSE > WATCH > BUILDING > DEFENSE > CLEARING > DEFENSE > WATCH > BUILDING > DEFENSE > CLEARING > DEFENSE > CLEARING > DEFENSE > CLEARING > DEFENSE > WATCH > BUILDING > DEFENSE > WATCH > BUILDING > DEFENSE > CLEARING > DEFENSE > CLEARING > DEFENSE > CLEARING > DEFENSE > WATCH > BUILDING > DEFENSE > CLEARING > DEFENSE > WATCH > BUILDING > DEFENSE > CLEARING > DEFENSE > CLEARING > DEFENSE > CLEARING > DEFENSE > CLEARING > DEFENSE > CLEARING > DEFENSE > CLEARING > DEFENSE > CLEARING > DEFENSE > CLEARING > DEFENSE > CLEARING > DEFENSE > CLEARING > DEFENSE > CLEARING > DEFENSE > CLEARING > DEFENSE > CLEARING > DEFENSE > CLEARING > DEFENSE > CLEARING > DEFENSE > CLEARING > DEFENSE > CLEARING > DEFENSE > CLEARING > DEFENSE > CLEARING > DEFENSE > CLEARING > DEFENSE > CLEARING > DEFENSE > CLEARING > DEFENSE > CLEARING > DEFENSE > CLEARING > DEFENSE > WATCH > BUILDING > DEFENSE > WATCH > BUILDING > DEFENSE > BUILDING > DEFENSE > WATCH > BUILDING > DEFENSE > CLEARING > DEFENSE > WATCH > BUILDING > DEFENSE > CLEARING > DEFENSE > WATCH > BUILDING > DEFENSE > BUILDING > RELOAD > DEFENSE > BUILDING > DEFENSE > BUILDING > DEFENSE > WATCH > BUILDING > DEFENSE > WATCH > BUILDING > DEFENSE > BUILDING > DEFENSE > CLEARING > DEFENSE > CLEARING > DEFENSE > CLEARING > DEFENSE > WATCH > CLEARING > DEFENSE > CLEARING > DEFENSE > CLEARING > DEFENSE > CLEARING > DEFENSE > CLEARING > DEFENSE > CLEARING > DEFENSE > CLEARING > DEFENSE > CLEARING > DEFENSE > WATCH > BUILDING > DEFENSE > CLEARING > DEFENSE > CLEARING > DEFENSE > CLEARING > RELOAD > DEFENSE > CLEARING > DEFENSE > CLEARING > DEFENSE > CLEARING > DEFENSE > CLEARING > DEFENSE > CLEARING > DEFENSE > CLEARING > DEFENSE > CLEARING > DEFENSE > CLEARING > DEFENSE > CLEARING > DEFENSE > CLEARING > DEFENSE > CLEARING > DEFENSE > CLEARING > DEFENSE > CLEARING > DEFENSE > CLEARING > DEFENSE > CLEARING > DEFENSE > CLEARING > DEFENSE > CLEARING > DEFENSE > CLEARING > DEFENSE > CLEARING > DEFENSE > CLEARING > DEFENSE > CLEARING > DEFENSE > CLEARING > DEFENSE > CLEARING > DEFENSE > CLEARING > DEFENSE > CLEARING > DEFENSE > CLEARING > DEFENSE > CLEARING > DEFENSE > WATCH > CLEARING > DEFENSE > CLEARING > DEFENSE > CLEARING > DEFENSE > CLEARING > DEFENSE > CLEARING > DEFENSE > CLEARING > DEFENSE > CLEARING > DEFENSE > CLEARING > DEFENSE > CLEARING > DEFENSE > CLEARING > DEFENSE > CLEARING > DEFENSE > CLEARING > DEFENSE > CLEARING > DEFENSE > CLEARING > DEFENSE > WATCH > CLEARING > DEFENSE > CLEARING > DEFENSE > CLEARING > DEFENSE > CLEARING > DEFENSE > WATCH > CLEARING > DEFENSE > WATCH > CLEARING > DEFENSE > CLEARING > DEFENSE > CLEARING > DEFENSE > CLEARING > DEFENSE > CLEARING > DEFENSE > WATCH > CLEARING > DEFENSE > WATCH > CLEARING > DEFENSE > CLEARING > DEFENSE > WATCH > CLEARING > DEFENSE > CLEARING > DEFENSE > CLEARING > DEFENSE > CLEARING > DEFENSE > CLEARING > DEFENSE > CLEARING > DEFENSE > CLEARING > DEFENSE > CLEARING > DEFENSE > CLEARING > DEFENSE > CLEARING > DEFENSE > CLEARING > DEFENSE > CLEARING > DEFENSE > WATCH > CLEARING > DEFENSE > CLEARING > DEFENSE > CLEARING > DEFENSE > CLEARING > DEFENSE > CLEARING > DEFENSE > CLEARING > DEFENSE > CLEARING > DEFENSE > CLEARING > DEFENSE > WATCH > CLEARING > DEFENSE > CLEARING > DEFENSE > CLEARING > DEFENSE > CLEARING > DEFENSE > CLEARING > DEFENSE > CLEARING > DEFENSE > CLEARING > DEFENSE > CLEARING > DEFENSE > CLEARING > DEFENSE > CLEARING > DEFENSE > CLEARING > DEFENSE > CLEARING > DEFENSE > CLEARING > DEFENSE > CLEARING > DEFENSE > CLEARING > DEFENSE > CLEARING > DEFENSE > CLEARING > DEFENSE > CLEARING > DEFENSE > CLEARING > DEFENSE > WATCH > CLEARING > DEFENSE > CLEARING > DEFENSE > WATCH > CLEARING > DEFENSE > CLEARING > DEFENSE > CLEARING > DEFENSE > CLEARING > DEFENSE > CLEARING > DEFENSE > WATCH > CLEARING > DEFENSE > CLEARING > DEFENSE > WATCH > BUILDING > DEFENSE > CLEARING > DEFENSE > CLEARING > DEFENSE > CLEARING > DEFENSE > CLEARING > DEFENSE > CLEARING > DEFENSE > CLEARING > DEFENSE > CLEARING > RELOAD > DEFENSE > CLEARING > DEFENSE > CLEARING > DEFENSE > CLEARING > RELOAD > DEFENSE > BUILDING > DEFENSE > CLEARING > DEFENSE > CLEARING > RELOAD > DEFENSE > BUILDING > DEFENSE > CLEARING > DEFENSE > CLEARING > DEFENSE > CLEARING > DEFENSE > WATCH > BUILDING > RELOAD > DEFENSE > BUILDING > DEFENSE > CLEARING > DEFENSE > CLEARING > DEFENSE > RELOAD > DEFENSE > BUILDING > DEFENSE > CLEARING > DEFENSE > RELOAD > DEFENSE > CLEARING > DEFENSE > RELOAD > DEFENSE > CLEARING > DEFENSE > CLEARING > DEFENSE > WATCH > CLEARING > DEFENSE > WATCH > CLEARING > DEFENSE > WATCH > CLEARING > DEFENSE > CLEARING > RELOAD > DEFENSE > WATCH > RELOAD > BUILDING > DEFENSE > WATCH > BUILDING > DEFENSE > WATCH > BUILDING > DEFENSE > WATCH > BUILDING > DEFENSE > CLEARING > DEFENSE > CLEARING > RELOAD > DEFENSE > CLEARING > DEFENSE > CLEARING > DEFENSE > WATCH > BUILDING > DEFENSE > CLEARING > DEFENSE > CLEARING > DEFENSE > CLEARING > DEFENSE > CLEARING > DEFENSE > CLEARING > RELOAD > DEFENSE > CLEARING > DEFENSE > CLEARING > DEFENSE > CLEARING > DEFENSE > CLEARING > RELOAD > DEFENSE > BUILDING > DEFENSE > BUILDING > DEFENSE > CLEARING > DEFENSE > CLEARING > DEFENSE > CLEARING > RELOAD > DEFENSE > CLEARING > DEFENSE > CLEARING > DEFENSE > WATCH > BUILDING > DEFENSE > BUILDING > DEFENSE > CLEARING > DEFENSE > WATCH > BUILDING > DEFENSE > BUILDING > DEFENSE > CLEARING > DEFENSE > WATCH > CLEARING > DEFENSE > WATCH > CLEARING > DEFENSE > CLEARING > DEFENSE > CLEARING > DEFENSE > CLEARING > DEFENSE > CLEARING > DEFENSE > CLEARING > DEFENSE > WATCH > CLEARING > DEFENSE > CLEARING > DEFENSE > WATCH > CLEARING > DEFENSE > WATCH > CLEARING > DEFENSE > CLEARING > DEFENSE > WATCH > CLEARING > DEFENSE > CLEARING > DEFENSE > CLEARING > DEFENSE > CLEARING > DEFENSE > CLEARING > DEFENSE > CLEARING > DEFENSE > CLEARING > DEFENSE > RELOAD > DEFENSE > CLEARING > DEFENSE > CLEARING > DEFENSE > CLEARING > DEFENSE > CLEARING > DEFENSE > WATCH > BUILDING > DEFENSE > CLEARING > DEFENSE > CLEARING > DEFENSE > WATCH > CLEARING > DEFENSE > WATCH > CLEARING > DEFENSE > WATCH > CLEARING > DEFENSE > CLEARING > DEFENSE > WATCH > CLEARING > DEFENSE > WATCH > CLEARING > DEFENSE > CLEARING > DEFENSE > CLEARING > DEFENSE > WATCH > CLEARING > DEFENSE > CLEARING > DEFENSE > CLEARING > DEFENSE > WATCH > CLEARING > DEFENSE > CLEARING > DEFENSE > WATCH > CLEARING > DEFENSE > CLEARING > DEFENSE > WATCH > CLEARING > DEFENSE > CLEARING > DEFENSE > WATCH > CLEARING > DEFENSE > WATCH > CLEARING > DEFENSE > CLEARING > DEFENSE > CLEARING > DEFENSE > WATCH > CLEARING > DEFENSE > WATCH > CLEARING > DEFENSE > WATCH > CLEARING > DEFENSE > CLEARING > DEFENSE > CLEARING > DEFENSE > CLEARING > DEFENSE > CLEARING > DEFENSE > CLEARING > DEFENSE > CLEARING > DEFENSE > CLEARING > DEFENSE > WATCH > BUILDING > DEFENSE > WATCH > CLEARING > DEFENSE > WATCH > CLEARING > DEFENSE > CLEARING > DEFENSE > WATCH > CLEARING > DEFENSE > CLEARING > DEFENSE > CLEARING > DEFENSE > CLEARING > DEFENSE > WATCH > BUILDING > DEFENSE > CLEARING > DEFENSE > CLEARING > DEFENSE > WATCH > CLEARING > DEFENSE > WATCH > CLEARING > DEFENSE > CLEARING > DEFENSE > WATCH > BUILDING > RELOAD > DEFENSE > CLEARING > DEFENSE > WATCH > CLEARING > DEFENSE > CLEARING > DEFENSE > CLEARING > DEFENSE > CLEARING > DEFENSE > CLEARING > DEFENSE > WATCH > CLEARING > DEFENSE > CLEARING > DEFENSE > CLEARING > DEFENSE > WATCH > CLEARING > DEFENSE > CLEARING > DEFENSE > WATCH > CLEARING > DEFENSE > CLEARING > DEFENSE > CLEARING > DEFENSE > WATCH > CLEARING > DEFENSE > WATCH > BUILDING > DEFENSE > CLEARING > DEFENSE > WATCH > BUILDING > DEFENSE > WATCH > CLEARING > DEFENSE > CLEARING > DEFENSE > WATCH > CLEARING > DEFENSE > CLEARING > DEFENSE > WATCH > CLEARING > DEFENSE > CLEARING > DEFENSE > WATCH > RELOAD > BUILDING > DEFENSE > CLEARING > DEFENSE > CLEARING > DEFENSE > WATCH > BUILDING > DEFENSE > CLEARING > DEFENSE > WATCH > BUILDING > DEFENSE > CLEARING > DEFENSE > CLEARING > DEFENSE > CLEARING > DEFENSE > WATCH > CLEARING > DEFENSE > WATCH > CLEARING > DEFENSE > WATCH > BUILDING > DEFENSE > WATCH > BUILDING > DEFENSE > WATCH > BUILDING > DEFENSE > CLEARING > DEFENSE > CLEARING > DEFENSE > WATCH > CLEARING > DEFENSE > CLEARING > DEFENSE > CLEARING > DEFENSE > CLEARING > DEFENSE > WATCH > CLEARING > DEFENSE > WATCH > BUILDING > DEFENSE > CLEARING > DEFENSE > WATCH > BUILDING > DEFENSE > CLEARING > DEFENSE > CLEARING > DEFENSE > CLEARING > DEFENSE > CLEARING > DEFENSE > CLEARING > DEFENSE > CLEARING > DEFENSE > CLEARING > DEFENSE > WATCH > BUILDING > DEFENSE > CLEARING > DEFENSE > CLEARING > DEFENSE > CLEARING > DEFENSE > CLEARING > DEFENSE > CLEARING > DEFENSE > WATCH > BUILDING > DEFENSE > CLEARING > DEFENSE > CLEARING > DEFENSE > CLEARING > DEFENSE > WATCH > CLEARING > DEFENSE > CLEARING > RELOAD > DEFENSE > CLEARING > DEFENSE > WATCH > CLEARING > DEFENSE > CLEARING > DEFENSE > WATCH > RELOAD > BUILDING > DEFENSE > BUILDING > DEFENSE > CLEARING > DEFENSE > WATCH > BUILDING > DEFENSE > WATCH > BUILDING > DEFENSE > CLEARING > DEFENSE > CLEARING > DEFENSE > CLEARING > DEFENSE > CLEARING > DEFENSE > CLEARING > DEFENSE > CLEARING > DEFENSE > WATCH > BUILDING > DEFENSE > RELOAD > DEFENSE > WATCH > BUILDING > DEFENSE > WATCH > BUILDING > DEFENSE > BUILDING > DEFENSE > WATCH > BUILDING > DEFENSE > WATCH > BUILDING > DEFENSE > BUILDING > DEFENSE > WATCH > BUILDING > DEFENSE > WATCH > BUILDING > DEFENSE > WATCH > RELOAD > WATCH > RELOAD > WATCH > RELOAD > WATCH > RELOAD > WATCH > RELOAD > BUILDING > DEFENSE > WATCH > RELOAD > WATCH > RELOAD > WATCH,OTHER,24285.2,,,
20260824,LONG,24340.0,1787543324.061,1787544731.15,1787543420.15,ACCEPTED,2793,9,183,0,22,BUILDING > RELOAD > DEFENSE > WATCH > BUILDING > RELOAD > DEFENSE > CLEARING > DEFENSE > CLEARING > DEFENSE > WATCH > BUILDING > DEFENSE > CLEARING > DEFENSE > CLEARING > DEFENSE > RELOAD > DEFENSE > WATCH > CLEARING > DEFENSE > CLEARING > DEFENSE > CLEARING > DEFENSE > RELOAD > DEFENSE > CLEARING > DEFENSE > WATCH > BUILDING > RELOAD > DEFENSE > CLEARING > DEFENSE > RELOAD > DEFENSE > CLEARING > DEFENSE > CLEARING > DEFENSE > RELOAD > DEFENSE > CLEARING > RELOAD > DEFENSE > CLEARING > DEFENSE > RELOAD > DEFENSE > CLEARING > DEFENSE > CLEARING > DEFENSE > CLEARING > DEFENSE > CLEARING > DEFENSE > CLEARING > DEFENSE > CLEARING > DEFENSE > CLEARING > DEFENSE > CLEARING > DEFENSE > CLEARING > DEFENSE > ACCEPTED,N4_REPEATED_RELOAD_DEFENSE,24343.3,3.9500000000007276,-20.700000000000728,False
20260824,SHORT,24185.0,1787556916.93,1787557743.933,1787556959.931,ACCEPTED,1636,8,80,0,13,BUILDING > RELOAD > DEFENSE > BUILDING > DEFENSE > RELOAD > DEFENSE > CLEARING > DEFENSE > CLEARING > RELOAD > DEFENSE > BUILDING > DEFENSE > CLEARING > DEFENSE > CLEARING > DEFENSE > RELOAD > DEFENSE > CLEARING > DEFENSE > RELOAD > DEFENSE > CLEARING > DEFENSE > CLEARING > DEFENSE > CLEARING > RELOAD > DEFENSE > CLEARING > DEFENSE > CLEARING > RELOAD > DEFENSE > CLEARING > DEFENSE > CLEARING > DEFENSE > CLEARING > RELOAD > DEFENSE > ACCEPTED,N4_REPEATED_RELOAD_DEFENSE,24181.7,5.450000000000728,-10.5,False
20260824,SHORT,24190.0,1787558632.434,1787561927.45,1787558809.185,ACCEPTED,6537,26,343,0,35,BUILDING > RELOAD > DEFENSE > BUILDING > RELOAD > DEFENSE > CLEARING > DEFENSE > CLEARING > RELOAD > DEFENSE > RELOAD > DEFENSE > CLEARING > DEFENSE > BUILDING > DEFENSE > RELOAD > DEFENSE > RELOAD > DEFENSE > CLEARING > DEFENSE > CLEARING > DEFENSE > RELOAD > DEFENSE > CLEARING > DEFENSE > CLEARING > DEFENSE > RELOAD > DEFENSE > RELOAD > DEFENSE > CLEARING > RELOAD > DEFENSE > RELOAD > DEFENSE > CLEARING > DEFENSE > RELOAD > DEFENSE > CLEARING > DEFENSE > RELOAD > DEFENSE > CLEARING > DEFENSE > CLEARING > RELOAD > DEFENSE > CLEARING > DEFENSE > CLEARING > DEFENSE > CLEARING > DEFENSE > CLEARING > DEFENSE > CLEARING > DEFENSE > CLEARING > DEFENSE > CLEARING > RELOAD > DEFENSE > CLEARING > RELOAD > DEFENSE > CLEARING > DEFENSE > RELOAD > DEFENSE > RELOAD > DEFENSE > CLEARING > DEFENSE > RELOAD > DEFENSE > CLEARING > DEFENSE > RELOAD > DEFENSE > CLEARING > DEFENSE > RELOAD > DEFENSE > RELOAD > DEFENSE > CLEARING > DEFENSE > CLEARING > DEFENSE > RELOAD > DEFENSE > CLEARING > DEFENSE > CLEARING > DEFENSE > RELOAD > DEFENSE > CLEARING > DEFENSE > RELOAD > DEFENSE > BUILDING > DEFENSE > CLEARING > DEFENSE > CLEARING > RELOAD > DEFENSE > CLEARING > DEFENSE > ACCEPTED,N4_REPEATED_RELOAD_DEFENSE,24186.8,1.0499999999992724,-15.150000000001455,False
20260824,SHORT,24195.0,1787551556.42,1787552158.17,,NONE,1196,58,549,0,201,BUILDING > RELOAD > DEFENSE > BUILDING > DEFENSE > CLEARING > DEFENSE > RELOAD > DEFENSE > CLEARING > DEFENSE > RELOAD > DEFENSE > CLEARING > DEFENSE > CLEARING > DEFENSE > RELOAD > DEFENSE > RELOAD > DEFENSE > CLEARING > DEFENSE > CLEARING > RELOAD > DEFENSE > RELOAD > DEFENSE > CLEARING > RELOAD > DEFENSE > RELOAD > DEFENSE > CLEARING > DEFENSE > CLEARING > DEFENSE > RELOAD > DEFENSE > CLEARING > RELOAD > DEFENSE > CLEARING > RELOAD > DEFENSE > RELOAD > DEFENSE > CLEARING > DEFENSE > CLEARING > DEFENSE > CLEARING > RELOAD > DEFENSE > CLEARING > DEFENSE > RELOAD > DEFENSE > CLEARING > DEFENSE > CLEARING > DEFENSE > RELOAD > DEFENSE > CLEARING > DEFENSE > CLEARING > RELOAD > DEFENSE > CLEARING > DEFENSE > CLEARING > RELOAD > DEFENSE > CLEARING > DEFENSE > RELOAD > DEFENSE > BUILDING > DEFENSE > RELOAD > DEFENSE > BUILDING > DEFENSE > CLEARING > DEFENSE > RELOAD > DEFENSE > WATCH > BUILDING > DEFENSE > BUILDING > DEFENSE > RELOAD > DEFENSE > WATCH > BUILDING > DEFENSE > BUILDING > DEFENSE > RELOAD > DEFENSE > BUILDING > DEFENSE > BUILDING > DEFENSE > WATCH > RELOAD > BUILDING > DEFENSE > BUILDING > DEFENSE > RELOAD > DEFENSE > WATCH > BUILDING > DEFENSE > BUILDING > DEFENSE > RELOAD > DEFENSE > CLEARING > DEFENSE > RELOAD > DEFENSE > WATCH > BUILDING > DEFENSE > CLEARING > DEFENSE > RELOAD > DEFENSE > WATCH > BUILDING > DEFENSE > BUILDING > DEFENSE > WATCH > BUILDING > RELOAD > DEFENSE > WATCH > BUILDING > DEFENSE > WATCH > BUILDING > DEFENSE > RELOAD > DEFENSE > BUILDING > DEFENSE > RELOAD > DEFENSE > WATCH > BUILDING > DEFENSE > BUILDING > DEFENSE > WATCH > BUILDING > DEFENSE > BUILDING > DEFENSE > WATCH > BUILDING > DEFENSE > CLEARING > DEFENSE > RELOAD > DEFENSE > WATCH > BUILDING > DEFENSE > WATCH > RELOAD > BUILDING > DEFENSE > WATCH > BUILDING > DEFENSE > BUILDING > DEFENSE > WATCH > BUILDING > DEFENSE > BUILDING > DEFENSE > WATCH > BUILDING > DEFENSE > WATCH > BUILDING > DEFENSE > CLEARING > DEFENSE > CLEARING > DEFENSE > WATCH > BUILDING > DEFENSE > WATCH > BUILDING > DEFENSE > WATCH > BUILDING > DEFENSE > BUILDING > DEFENSE > WATCH > BUILDING > DEFENSE > WATCH > BUILDING > RELOAD > DEFENSE > WATCH > BUILDING > DEFENSE > CLEARING > DEFENSE > CLEARING > DEFENSE > WATCH > BUILDING > DEFENSE > CLEARING > DEFENSE > RELOAD > DEFENSE > WATCH > BUILDING > DEFENSE > WATCH > BUILDING > DEFENSE > WATCH > BUILDING > DEFENSE > WATCH > BUILDING > DEFENSE > WATCH > BUILDING > DEFENSE > WATCH > BUILDING > DEFENSE > WATCH > BUILDING > DEFENSE > WATCH > BUILDING > DEFENSE > WATCH > BUILDING > DEFENSE > WATCH > BUILDING > DEFENSE > WATCH > BUILDING > DEFENSE > WATCH > BUILDING > DEFENSE > WATCH > BUILDING > DEFENSE > WATCH > BUILDING > DEFENSE > WATCH > BUILDING > DEFENSE > WATCH > BUILDING > DEFENSE > WATCH > BUILDING > DEFENSE > WATCH > BUILDING > RELOAD > DEFENSE > WATCH > BUILDING > DEFENSE > WATCH > BUILDING > DEFENSE > BUILDING > DEFENSE > BUILDING > DEFENSE > WATCH > BUILDING > DEFENSE > WATCH > BUILDING > DEFENSE > BUILDING > DEFENSE > WATCH > BUILDING > DEFENSE > WATCH > BUILDING > DEFENSE > WATCH > BUILDING > DEFENSE > WATCH > BUILDING > DEFENSE > WATCH > BUILDING > DEFENSE > WATCH > BUILDING > DEFENSE > WATCH > BUILDING > DEFENSE > WATCH > BUILDING > DEFENSE > WATCH > CLEARING > DEFENSE > CLEARING > DEFENSE > WATCH > BUILDING > DEFENSE > CLEARING > DEFENSE > CLEARING > DEFENSE > WATCH > BUILDING > DEFENSE > WATCH > BUILDING > DEFENSE > WATCH > BUILDING > DEFENSE > WATCH > RELOAD > BUILDING > DEFENSE > WATCH > CLEARING > DEFENSE > WATCH > BUILDING > DEFENSE > WATCH > BUILDING > DEFENSE > BUILDING > RELOAD > DEFENSE > WATCH > BUILDING > DEFENSE > BUILDING > DEFENSE > WATCH > BUILDING > DEFENSE > WATCH > BUILDING > DEFENSE > WATCH > BUILDING > DEFENSE > WATCH > BUILDING > DEFENSE > WATCH > CLEARING > DEFENSE > RELOAD > DEFENSE > WATCH > BUILDING > DEFENSE > WATCH > BUILDING > DEFENSE > CLEARING > DEFENSE > WATCH > BUILDING > DEFENSE > WATCH > BUILDING > DEFENSE > WATCH > BUILDING > DEFENSE > WATCH > BUILDING > DEFENSE > WATCH > RELOAD > BUILDING > DEFENSE > WATCH > RELOAD > BUILDING > DEFENSE > WATCH > BUILDING > DEFENSE > WATCH > BUILDING > DEFENSE > WATCH > BUILDING > DEFENSE > WATCH > BUILDING > DEFENSE > WATCH > BUILDING > DEFENSE > WATCH > BUILDING > DEFENSE > WATCH > BUILDING > DEFENSE > WATCH > BUILDING > DEFENSE > WATCH > RELOAD > WATCH > RELOAD > WATCH > RELOAD > WATCH > RELOAD > WATCH > RELOAD > WATCH > RELOAD > WATCH > RELOAD > CLEARING > DEFENSE > WATCH > RELOAD > WATCH > BUILDING > DEFENSE > WATCH > BUILDING > DEFENSE > WATCH > BUILDING > DEFENSE > WATCH > BUILDING > DEFENSE > WATCH > BUILDING > DEFENSE > WATCH > BUILDING > RELOAD > DEFENSE > WATCH > BUILDING > DEFENSE > WATCH > BUILDING > DEFENSE > WATCH > BUILDING > DEFENSE > WATCH > BUILDING > DEFENSE > WATCH > RELOAD > BUILDING > DEFENSE > WATCH > BUILDING > DEFENSE > WATCH > RELOAD > BUILDING > DEFENSE > WATCH > RELOAD > WATCH > RELOAD > BUILDING > RELOAD > DEFENSE > WATCH > BUILDING > DEFENSE > WATCH > BUILDING > DEFENSE > WATCH > BUILDING > DEFENSE > WATCH > BUILDING > DEFENSE > WATCH > BUILDING > DEFENSE > WATCH > BUILDING > DEFENSE > WATCH > BUILDING > DEFENSE > WATCH > BUILDING > DEFENSE > WATCH > BUILDING > DEFENSE > WATCH > BUILDING > DEFENSE > WATCH > BUILDING > DEFENSE > WATCH > BUILDING > DEFENSE > WATCH > BUILDING > DEFENSE > WATCH > RELOAD > BUILDING > DEFENSE > WATCH > BUILDING > DEFENSE > WATCH > BUILDING > DEFENSE > WATCH > BUILDING > DEFENSE > WATCH > BUILDING > DEFENSE > WATCH > BUILDING > DEFENSE > WATCH > RELOAD > WATCH > BUILDING > DEFENSE > WATCH > BUILDING > DEFENSE > WATCH > CLEARING > DEFENSE > WATCH > CLEARING > DEFENSE > WATCH,OTHER,24210.0,,,
20260824,SHORT,24195.0,1787556807.93,1787556916.43,1787556812.43,ACCEPTED,218,1,3,0,2,BUILDING > RELOAD > DEFENSE > CLEARING > ACCEPTED,N4_REPEATED_RELOAD_DEFENSE,24192.8,16.549999999999272,-7.900000000001455,False
20260824,SHORT,24200.0,1787557744.437,1787558631.934,1787557748.433,ACCEPTED,1767,0,0,0,1,BUILDING > CLEARING > ACCEPTED,N1_DIRECT,24194.5,2.2999999999992724,-12.700000000000728,False
20260824,SHORT,24205.0,1787551259.667,1787551555.917,1787551266.67,ACCEPTED,590,0,0,0,3,BUILDING > CLEARING > ACCEPTED,N1_DIRECT,24203.35,9.399999999997817,-7.650000000001455,False
20260824,SHORT,24205.0,1787555391.176,1787556807.431,1787555597.43,ACCEPTED,2822,37,402,0,50,BUILDING > RELOAD > DEFENSE > CLEARING > DEFENSE > RELOAD > DEFENSE > CLEARING > DEFENSE > RELOAD > DEFENSE > CLEARING > DEFENSE > RELOAD > DEFENSE > CLEARING > DEFENSE > RELOAD > DEFENSE > CLEARING > DEFENSE > BUILDING > DEFENSE > CLEARING > DEFENSE > RELOAD > DEFENSE > CLEARING > DEFENSE > WATCH > CLEARING > DEFENSE > RELOAD > DEFENSE > CLEARING > DEFENSE > BUILDING > DEFENSE > CLEARING > DEFENSE > RELOAD > DEFENSE > CLEARING > DEFENSE > RELOAD > DEFENSE > CLEARING > DEFENSE > BUILDING > DEFENSE > RELOAD > DEFENSE > BUILDING > DEFENSE > CLEARING > DEFENSE > RELOAD > DEFENSE > CLEARING > DEFENSE > RELOAD > DEFENSE > CLEARING > DEFENSE > BUILDING > DEFENSE > BUILDING > RELOAD > DEFENSE > CLEARING > DEFENSE > RELOAD > DEFENSE > CLEARING > DEFENSE > BUILDING > DEFENSE > RELOAD > DEFENSE > BUILDING > DEFENSE > CLEARING > DEFENSE > RELOAD > DEFENSE > CLEARING > DEFENSE > BUILDING > DEFENSE > RELOAD > DEFENSE > CLEARING > DEFENSE > RELOAD > DEFENSE > CLEARING > DEFENSE > CLEARING > DEFENSE > CLEARING > DEFENSE > BUILDING > DEFENSE > RELOAD > DEFENSE > BUILDING > DEFENSE > CLEARING > DEFENSE > CLEARING > DEFENSE > CLEARING > RELOAD > DEFENSE > RELOAD > DEFENSE > CLEARING > DEFENSE > CLEARING > DEFENSE > RELOAD > DEFENSE > WATCH > BUILDING > DEFENSE > WATCH > CLEARING > DEFENSE > CLEARING > DEFENSE > CLEARING > RELOAD > DEFENSE > CLEARING > DEFENSE > RELOAD > DEFENSE > CLEARING > DEFENSE > RELOAD > DEFENSE > CLEARING > DEFENSE > RELOAD > DEFENSE > CLEARING > DEFENSE > CLEARING > DEFENSE > RELOAD > DEFENSE > CLEARING > DEFENSE > RELOAD > DEFENSE > CLEARING > DEFENSE > WATCH > BUILDING > DEFENSE > RELOAD > DEFENSE > BUILDING > DEFENSE > RELOAD > DEFENSE > CLEARING > DEFENSE > CLEARING > RELOAD > DEFENSE > BUILDING > DEFENSE > RELOAD > DEFENSE > CLEARING > DEFENSE > RELOAD > DEFENSE > CLEARING > DEFENSE > CLEARING > RELOAD > DEFENSE > CLEARING > DEFENSE > CLEARING > RELOAD > DEFENSE > RELOAD > DEFENSE > CLEARING > DEFENSE > CLEARING > DEFENSE > CLEARING > RELOAD > DEFENSE > CLEARING > DEFENSE > CLEARING > DEFENSE > CLEARING > DEFENSE > ACCEPTED,N4_REPEATED_RELOAD_DEFENSE,24204.0,2.150000000001455,-9.950000000000728,False
20260824,SHORT,24205.0,1787561927.95,1787566061.211,1787561936.943,ACCEPTED,8195,0,0,0,1,BUILDING > CLEARING > ACCEPTED,N1_DIRECT,24201.4,3.400000000001455,-18.69999999999709,False
20260824,SHORT,24205.0,1787566093.838,1787566178.954,1787566093.838,ACCEPTED,172,86,7423,0,1,CLEARING > RELOAD > DEFENSE,N4_REPEATED_RELOAD_DEFENSE,24204.1,12.19999999999709,0.0,True
20260824,SHORT,24215.0,1787552158.668,1787555390.677,1787552170.669,ACCEPTED,6432,0,0,0,1,BUILDING > CLEARING > ACCEPTED,N1_DIRECT,24210.05,2.0,-12.100000000002183,False
20260824,SHORT,24220.0,1787550829.666,1787551259.166,1787551236.168,ACCEPTED,852,14,684,0,48,BUILDING > CLEARING > WATCH > BUILDING > CLEARING > RELOAD > DEFENSE > CLEARING > DEFENSE > WATCH > BUILDING > DEFENSE > BUILDING > DEFENSE > WATCH > BUILDING > DEFENSE > CLEARING > DEFENSE > WATCH > BUILDING > DEFENSE > BUILDING > DEFENSE > CLEARING > DEFENSE > WATCH > CLEARING > DEFENSE > CLEARING > DEFENSE > CLEARING > DEFENSE > CLEARING > DEFENSE > CLEARING > DEFENSE > CLEARING > DEFENSE > RELOAD > DEFENSE > CLEARING > DEFENSE > CLEARING > DEFENSE > CLEARING > DEFENSE > CLEARING > DEFENSE > RELOAD > DEFENSE > CLEARING > DEFENSE > CLEARING > DEFENSE > RELOAD > DEFENSE > CLEARING > DEFENSE > CLEARING > DEFENSE > CLEARING > DEFENSE > CLEARING > DEFENSE > RELOAD > DEFENSE > CLEARING > RELOAD > DEFENSE > CLEARING > DEFENSE > CLEARING > DEFENSE > BUILDING > DEFENSE > CLEARING > DEFENSE > CLEARING > RELOAD > DEFENSE > CLEARING > DEFENSE > RELOAD > DEFENSE > CLEARING > DEFENSE > CLEARING > RELOAD > DEFENSE > BUILDING > DEFENSE > RELOAD > DEFENSE > CLEARING > DEFENSE > CLEARING > RELOAD > DEFENSE > CLEARING > DEFENSE > CLEARING > DEFENSE > CLEARING > DEFENSE > CLEARING > DEFENSE > CLEARING > DEFENSE > CLEARING > RELOAD > DEFENSE > CLEARING > DEFENSE > CLEARING > DEFENSE > CLEARING > DEFENSE > WATCH > BUILDING > DEFENSE > BUILDING > DEFENSE > CLEARING > DEFENSE > CLEARING > RELOAD > DEFENSE > CLEARING > DEFENSE > RELOAD > DEFENSE > CLEARING > DEFENSE > ACCEPTED,N4_REPEATED_RELOAD_DEFENSE,24214.6,20.649999999997817,-3.3000000000029104,False
20260824,SHORT,24230.0,1787550216.912,1787550829.168,1787550754.659,ACCEPTED,1219,9,889,0,68,BUILDING > WATCH > BUILDING > CLEARING > RELOAD > DEFENSE > CLEARING > DEFENSE > CLEARING > DEFENSE > CLEARING > DEFENSE > CLEARING > DEFENSE > CLEARING > DEFENSE > CLEARING > DEFENSE > CLEARING > RELOAD > DEFENSE > CLEARING > DEFENSE > BUILDING > DEFENSE > BUILDING > RELOAD > DEFENSE > BUILDING > DEFENSE > WATCH > BUILDING > DEFENSE > BUILDING > DEFENSE > RELOAD > DEFENSE > BUILDING > DEFENSE > CLEARING > DEFENSE > CLEARING > DEFENSE > CLEARING > DEFENSE > WATCH > BUILDING > DEFENSE > WATCH > BUILDING > DEFENSE > BUILDING > DEFENSE > CLEARING > DEFENSE > CLEARING > DEFENSE > CLEARING > DEFENSE > CLEARING > DEFENSE > WATCH > CLEARING > DEFENSE > CLEARING > RELOAD > DEFENSE > CLEARING > DEFENSE > CLEARING > DEFENSE > CLEARING > RELOAD > DEFENSE > CLEARING > DEFENSE > CLEARING > DEFENSE > WATCH > BUILDING > DEFENSE > WATCH > BUILDING > DEFENSE > WATCH > CLEARING > DEFENSE > CLEARING > DEFENSE > WATCH > CLEARING > DEFENSE > CLEARING > DEFENSE > CLEARING > RELOAD > DEFENSE > CLEARING > DEFENSE > CLEARING > DEFENSE > WATCH > CLEARING > DEFENSE > CLEARING > DEFENSE > CLEARING > DEFENSE > WATCH > CLEARING > DEFENSE > CLEARING > DEFENSE > WATCH > BUILDING > DEFENSE > CLEARING > DEFENSE > CLEARING > DEFENSE > WATCH > BUILDING > DEFENSE > BUILDING > DEFENSE > BUILDING > DEFENSE > WATCH > BUILDING > DEFENSE > WATCH > BUILDING > DEFENSE > BUILDING > DEFENSE > BUILDING > DEFENSE > BUILDING > RELOAD > DEFENSE > WATCH > BUILDING > DEFENSE > WATCH > BUILDING > DEFENSE > WATCH > BUILDING > DEFENSE > WATCH > BUILDING > DEFENSE > BUILDING > DEFENSE > WATCH > BUILDING > DEFENSE > WATCH > BUILDING > DEFENSE > RELOAD > DEFENSE > WATCH > BUILDING > DEFENSE > WATCH > BUILDING > DEFENSE > WATCH > BUILDING > DEFENSE > WATCH > BUILDING > DEFENSE > WATCH > BUILDING > DEFENSE > WATCH > BUILDING > DEFENSE > WATCH > BUILDING > DEFENSE > WATCH > BUILDING > DEFENSE > WATCH > BUILDING > DEFENSE > WATCH > BUILDING > DEFENSE > WATCH > BUILDING > DEFENSE > WATCH > BUILDING > DEFENSE > WATCH > BUILDING > DEFENSE > WATCH > BUILDING > DEFENSE > CLEARING > DEFENSE > WATCH > BUILDING > DEFENSE > CLEARING > DEFENSE > CLEARING > DEFENSE > CLEARING > DEFENSE > WATCH > BUILDING > DEFENSE > WATCH > BUILDING > DEFENSE > CLEARING > DEFENSE > WATCH > BUILDING > DEFENSE > CLEARING > DEFENSE > CLEARING > DEFENSE > WATCH > CLEARING > DEFENSE > CLEARING > DEFENSE > CLEARING > DEFENSE > CLEARING > DEFENSE > WATCH > BUILDING > DEFENSE > CLEARING > DEFENSE > CLEARING > DEFENSE > WATCH > CLEARING > DEFENSE > CLEARING > DEFENSE > WATCH > CLEARING > DEFENSE > WATCH > BUILDING > DEFENSE > WATCH > BUILDING > DEFENSE > CLEARING > DEFENSE > CLEARING > DEFENSE > WATCH > CLEARING > DEFENSE > WATCH > CLEARING > DEFENSE > CLEARING > DEFENSE > WATCH > CLEARING > DEFENSE > WATCH > BUILDING > DEFENSE > CLEARING > DEFENSE > WATCH > CLEARING > DEFENSE > ACCEPTED,N4_REPEATED_RELOAD_DEFENSE,24226.35,27.19999999999709,-7.350000000002183,False
20260824,SHORT,24255.0,1787549606.159,1787550216.411,1787549614.164,ACCEPTED,1204,1,6,0,2,WATCH > BUILDING > RELOAD > DEFENSE > CLEARING > DEFENSE > ACCEPTED,N4_REPEATED_RELOAD_DEFENSE,24251.7,19.600000000002183,-8.649999999997817,False
20260824,SHORT,24270.0,1787549569.661,1787549605.665,1787549592.661,ACCEPTED,73,4,41,0,9,BUILDING > RELOAD > DEFENSE > BUILDING > DEFENSE > CLEARING > DEFENSE > RELOAD > DEFENSE > CLEARING > DEFENSE > RELOAD > DEFENSE > CLEARING > DEFENSE > CLEARING > DEFENSE > RELOAD > DEFENSE > BUILDING > DEFENSE > BUILDING > DEFENSE > CLEARING > DEFENSE > ACCEPTED,N4_REPEATED_RELOAD_DEFENSE,24266.3,33.099999999998545,-3.650000000001455,False
20260824,SHORT,24285.0,1787549369.414,1787549569.162,1787549373.408,ACCEPTED,395,0,0,0,1,BUILDING > CLEARING > ACCEPTED,N1_DIRECT,24279.95,36.650000000001455,-10.349999999998545,False
20260824,SHORT,24300.0,1787545899.402,1787546735.904,,NONE,1669,47,1336,0,140,WATCH > BUILDING > WATCH > BUILDING > WATCH > BUILDING > WATCH > BUILDING > WATCH > BUILDING > RELOAD > DEFENSE > WATCH > BUILDING > DEFENSE > BUILDING > DEFENSE > WATCH > BUILDING > DEFENSE > WATCH > RELOAD > WATCH > BUILDING > DEFENSE > WATCH > BUILDING > DEFENSE > RELOAD > DEFENSE > WATCH > BUILDING > DEFENSE > CLEARING > DEFENSE > WATCH > BUILDING > DEFENSE > BUILDING > RELOAD > DEFENSE > WATCH > RELOAD > BUILDING > DEFENSE > WATCH > RELOAD > BUILDING > DEFENSE > WATCH > BUILDING > DEFENSE > WATCH > BUILDING > DEFENSE > WATCH > BUILDING > DEFENSE > WATCH > BUILDING > DEFENSE > WATCH > CLEARING > DEFENSE > WATCH > BUILDING > RELOAD > DEFENSE > BUILDING > DEFENSE > RELOAD > DEFENSE > WATCH > CLEARING > DEFENSE > RELOAD > DEFENSE > WATCH > BUILDING > DEFENSE > WATCH > BUILDING > DEFENSE > WATCH > BUILDING > DEFENSE > BUILDING > RELOAD > DEFENSE > CLEARING > DEFENSE > WATCH > RELOAD > WATCH > BUILDING > DEFENSE > WATCH > BUILDING > DEFENSE > WATCH > BUILDING > DEFENSE > BUILDING > DEFENSE > BUILDING > DEFENSE > WATCH > BUILDING > DEFENSE > BUILDING > DEFENSE > BUILDING > DEFENSE > BUILDING > DEFENSE > BUILDING > RELOAD > DEFENSE > BUILDING > DEFENSE > BUILDING > DEFENSE > BUILDING > DEFENSE > BUILDING > DEFENSE > BUILDING > DEFENSE > BUILDING > DEFENSE > BUILDING > RELOAD > DEFENSE > CLEARING > DEFENSE > CLEARING > DEFENSE > CLEARING > DEFENSE > CLEARING > DEFENSE > BUILDING > DEFENSE > RELOAD > DEFENSE > CLEARING > DEFENSE > CLEARING > DEFENSE > CLEARING > DEFENSE > CLEARING > RELOAD > DEFENSE > BUILDING > DEFENSE > WATCH > BUILDING > DEFENSE > CLEARING > DEFENSE > RELOAD > DEFENSE > WATCH > CLEARING > DEFENSE > WATCH > CLEARING > DEFENSE > CLEARING > DEFENSE > CLEARING > RELOAD > DEFENSE > WATCH > BUILDING > DEFENSE > WATCH > BUILDING > DEFENSE > CLEARING > DEFENSE > CLEARING > DEFENSE > WATCH > CLEARING > DEFENSE > WATCH > CLEARING > DEFENSE > WATCH > BUILDING > DEFENSE > CLEARING > DEFENSE > CLEARING > RELOAD > DEFENSE > CLEARING > DEFENSE > WATCH > CLEARING > DEFENSE > CLEARING > DEFENSE > CLEARING > RELOAD > DEFENSE > CLEARING > DEFENSE > WATCH > BUILDING > DEFENSE > CLEARING > DEFENSE > CLEARING > RELOAD > DEFENSE > BUILDING > DEFENSE > BUILDING > RELOAD > DEFENSE > BUILDING > DEFENSE > RELOAD > DEFENSE > CLEARING > DEFENSE > CLEARING > RELOAD > DEFENSE > CLEARING > DEFENSE > CLEARING > DEFENSE > CLEARING > DEFENSE > CLEARING > DEFENSE > CLEARING > DEFENSE > CLEARING > DEFENSE > WATCH > BUILDING > DEFENSE > BUILDING > DEFENSE > RELOAD > DEFENSE > BUILDING > DEFENSE > BUILDING > DEFENSE > BUILDING > RELOAD > DEFENSE > BUILDING > DEFENSE > BUILDING > DEFENSE > CLEARING > DEFENSE > RELOAD > DEFENSE > WATCH > BUILDING > DEFENSE > BUILDING > DEFENSE > BUILDING > DEFENSE > WATCH > BUILDING > DEFENSE > BUILDING > DEFENSE > BUILDING > DEFENSE > BUILDING > DEFENSE > WATCH > CLEARING > DEFENSE > CLEARING > DEFENSE > RELOAD > DEFENSE > CLEARING > DEFENSE > WATCH > BUILDING > DEFENSE > WATCH > BUILDING > DEFENSE > BUILDING > RELOAD > DEFENSE > WATCH > BUILDING > DEFENSE > CLEARING > DEFENSE > WATCH > BUILDING > DEFENSE > CLEARING > DEFENSE > WATCH > RELOAD > WATCH > RELOAD > WATCH > RELOAD > BUILDING > DEFENSE > BUILDING > DEFENSE > CLEARING > DEFENSE > RELOAD > DEFENSE > WATCH > BUILDING > DEFENSE > RELOAD > DEFENSE > BUILDING > DEFENSE > BUILDING > DEFENSE > BUILDING > DEFENSE > WATCH > BUILDING > DEFENSE > BUILDING > DEFENSE > WATCH > BUILDING > DEFENSE > WATCH > BUILDING > DEFENSE > WATCH > BUILDING > DEFENSE > WATCH > BUILDING > DEFENSE > WATCH > BUILDING > DEFENSE > WATCH > BUILDING > DEFENSE > BUILDING > DEFENSE > WATCH > BUILDING > DEFENSE > WATCH > BUILDING > DEFENSE > WATCH > BUILDING > DEFENSE > BUILDING > DEFENSE > WATCH > BUILDING > DEFENSE > BUILDING > DEFENSE > RELOAD > DEFENSE > BUILDING > DEFENSE > WATCH > BUILDING > DEFENSE > WATCH > BUILDING > DEFENSE > BUILDING > DEFENSE > WATCH > BUILDING > DEFENSE > BUILDING > DEFENSE > CLEARING > DEFENSE > CLEARING > RELOAD > DEFENSE > BUILDING > DEFENSE > WATCH > BUILDING > DEFENSE > BUILDING > RELOAD > DEFENSE > BUILDING > RELOAD > DEFENSE > WATCH > BUILDING > DEFENSE > BUILDING > DEFENSE > BUILDING > DEFENSE > WATCH > BUILDING > DEFENSE > BUILDING > DEFENSE > WATCH > BUILDING > DEFENSE > CLEARING > DEFENSE > WATCH > BUILDING > DEFENSE > CLEARING > DEFENSE > WATCH > BUILDING > DEFENSE > WATCH > RELOAD > BUILDING > DEFENSE > WATCH > BUILDING > DEFENSE > WATCH > BUILDING > DEFENSE > BUILDING > DEFENSE > WATCH > BUILDING > DEFENSE > WATCH > BUILDING > DEFENSE > WATCH > BUILDING > DEFENSE > CLEARING > DEFENSE > WATCH > BUILDING > DEFENSE > CLEARING > DEFENSE > WATCH > BUILDING > DEFENSE > CLEARING > DEFENSE > WATCH > BUILDING > DEFENSE > WATCH > RELOAD > BUILDING > DEFENSE > WATCH > BUILDING > DEFENSE > WATCH > CLEARING > DEFENSE > WATCH > BUILDING > DEFENSE > CLEARING > DEFENSE > CLEARING > RELOAD > DEFENSE > WATCH > BUILDING > DEFENSE > CLEARING > DEFENSE > WATCH > BUILDING > DEFENSE > CLEARING > DEFENSE > CLEARING > DEFENSE > WATCH > BUILDING > DEFENSE > RELOAD > DEFENSE > BUILDING > DEFENSE > WATCH > BUILDING > DEFENSE > WATCH > BUILDING > DEFENSE > WATCH > RELOAD > BUILDING > DEFENSE > WATCH > BUILDING > DEFENSE > WATCH > BUILDING > DEFENSE > WATCH > BUILDING > DEFENSE > WATCH > BUILDING > DEFENSE > WATCH > BUILDING > DEFENSE > WATCH > RELOAD > WATCH > RELOAD > WATCH > BUILDING > DEFENSE > BUILDING > DEFENSE > WATCH > BUILDING > DEFENSE > WATCH > BUILDING > DEFENSE > WATCH > RELOAD > WATCH > BUILDING > DEFENSE > BUILDING > RELOAD > DEFENSE > WATCH,OTHER,24313.15,,,
20260824,SHORT,24300.0,1787549182.159,1787549368.911,1787549314.91,ACCEPTED,371,0,0,0,16,BUILDING > CLEARING > ACCEPTED,N1_DIRECT,24297.65,54.35000000000218,-3.599999999998545,False
20260824,SHORT,24315.0,1787544091.903,1787545898.902,1787544709.649,ACCEPTED,3587,15,1144,0,69,WATCH > BUILDING > CLEARING > RELOAD > DEFENSE > CLEARING > DEFENSE > CLEARING > DEFENSE > CLEARING > DEFENSE > CLEARING > DEFENSE > BUILDING > DEFENSE > RELOAD > DEFENSE > BUILDING > DEFENSE > CLEARING > DEFENSE > CLEARING > DEFENSE > CLEARING > DEFENSE > CLEARING > DEFENSE > CLEARING > DEFENSE > CLEARING > RELOAD > DEFENSE > BUILDING > DEFENSE > CLEARING > DEFENSE > CLEARING > RELOAD > DEFENSE > CLEARING > DEFENSE > RELOAD > DEFENSE > CLEARING > DEFENSE > CLEARING > DEFENSE > CLEARING > DEFENSE > BUILDING > DEFENSE > BUILDING > RELOAD > DEFENSE > BUILDING > DEFENSE > CLEARING > DEFENSE > RELOAD > DEFENSE > CLEARING > DEFENSE > CLEARING > DEFENSE > CLEARING > DEFENSE > BUILDING > DEFENSE > WATCH > RELOAD > BUILDING > DEFENSE > CLEARING > DEFENSE > CLEARING > DEFENSE > CLEARING > DEFENSE > CLEARING > DEFENSE > CLEARING > DEFENSE > CLEARING > DEFENSE > CLEARING > DEFENSE > CLEARING > DEFENSE > CLEARING > DEFENSE > CLEARING > DEFENSE > CLEARING > RELOAD > DEFENSE > BUILDING > DEFENSE > RELOAD > DEFENSE > BUILDING > DEFENSE > CLEARING > DEFENSE > CLEARING > DEFENSE > CLEARING > DEFENSE > CLEARING > DEFENSE > RELOAD > DEFENSE > CLEARING > DEFENSE > CLEARING > DEFENSE > CLEARING > DEFENSE > CLEARING > DEFENSE > CLEARING > DEFENSE > CLEARING > DEFENSE > WATCH > BUILDING > DEFENSE > BUILDING > DEFENSE > BUILDING > DEFENSE > BUILDING > DEFENSE > BUILDING > DEFENSE > BUILDING > DEFENSE > CLEARING > DEFENSE > CLEARING > RELOAD > DEFENSE > CLEARING > DEFENSE > RELOAD > DEFENSE > CLEARING > DEFENSE > CLEARING > DEFENSE > CLEARING > DEFENSE > CLEARING > DEFENSE > RELOAD > DEFENSE > CLEARING > DEFENSE > CLEARING > DEFENSE > CLEARING > RELOAD > DEFENSE > CLEARING > DEFENSE > CLEARING > DEFENSE > CLEARING > DEFENSE > WATCH > BUILDING > DEFENSE > CLEARING > DEFENSE > CLEARING > DEFENSE > CLEARING > DEFENSE > CLEARING > DEFENSE > CLEARING > DEFENSE > ACCEPTED,N4_REPEATED_RELOAD_DEFENSE,24311.3,1.75,-11.799999999999272,False
20260824,SHORT,24315.0,1787546736.41,1787549181.662,1787546748.907,ACCEPTED,4859,0,0,0,1,BUILDING > CLEARING > ACCEPTED,N1_DIRECT,24311.4,3.100000000002183,-9.599999999998545,False
20260824,SHORT,24330.0,1787543324.061,1787544091.4,1787543944.647,ACCEPTED,1528,16,739,0,111,WATCH > BUILDING > WATCH > BUILDING > WATCH > BUILDING > WATCH > CLEARING > WATCH > BUILDING > WATCH > BUILDING > CLEARING > WATCH > BUILDING > WATCH > BUILDING > RELOAD > DEFENSE > BUILDING > DEFENSE > WATCH > BUILDING > DEFENSE > CLEARING > DEFENSE > WATCH > CLEARING > DEFENSE > CLEARING > DEFENSE > WATCH > CLEARING > DEFENSE > WATCH > BUILDING > DEFENSE > CLEARING > DEFENSE > CLEARING > DEFENSE > WATCH > CLEARING > DEFENSE > WATCH > CLEARING > DEFENSE > WATCH > CLEARING > DEFENSE > WATCH > BUILDING > DEFENSE > CLEARING > DEFENSE > CLEARING > DEFENSE > WATCH > CLEARING > DEFENSE > WATCH > CLEARING > DEFENSE > WATCH > CLEARING > DEFENSE > WATCH > CLEARING > DEFENSE > WATCH > CLEARING > DEFENSE > WATCH > CLEARING > DEFENSE > WATCH > CLEARING > DEFENSE > WATCH > CLEARING > DEFENSE > WATCH > BUILDING > DEFENSE > WATCH > CLEARING > DEFENSE > WATCH > CLEARING > DEFENSE > WATCH > CLEARING > DEFENSE > WATCH > CLEARING > DEFENSE > WATCH > CLEARING > DEFENSE > WATCH > CLEARING > DEFENSE > CLEARING > DEFENSE > CLEARING > DEFENSE > WATCH > CLEARING > DEFENSE > WATCH > CLEARING > DEFENSE > WATCH > CLEARING > DEFENSE > WATCH > BUILDING > DEFENSE > RELOAD > DEFENSE > WATCH > CLEARING > DEFENSE > WATCH > BUILDING > DEFENSE > CLEARING > DEFENSE > WATCH > RELOAD > WATCH > BUILDING > DEFENSE > BUILDING > DEFENSE > CLEARING > DEFENSE > CLEARING > RELOAD > DEFENSE > WATCH > CLEARING > DEFENSE > WATCH > BUILDING > DEFENSE > CLEARING > DEFENSE > RELOAD > DEFENSE > WATCH > BUILDING > DEFENSE > WATCH > BUILDING > DEFENSE > WATCH > BUILDING > DEFENSE > CLEARING > DEFENSE > CLEARING > DEFENSE > WATCH > CLEARING > DEFENSE > WATCH > BUILDING > DEFENSE > CLEARING > DEFENSE > CLEARING > DEFENSE > WATCH > BUILDING > DEFENSE > WATCH > CLEARING > DEFENSE > CLEARING > RELOAD > DEFENSE > WATCH > BUILDING > DEFENSE > WATCH > CLEARING > DEFENSE > WATCH > CLEARING > DEFENSE > WATCH > BUILDING > DEFENSE > CLEARING > DEFENSE > WATCH > CLEARING > DEFENSE > WATCH > CLEARING > DEFENSE > WATCH > CLEARING > DEFENSE > WATCH > BUILDING > DEFENSE > CLEARING > DEFENSE > WATCH > BUILDING > DEFENSE > CLEARING > DEFENSE > RELOAD > DEFENSE > CLEARING > DEFENSE > WATCH > CLEARING > DEFENSE > WATCH > BUILDING > DEFENSE > WATCH > BUILDING > DEFENSE > WATCH > BUILDING > DEFENSE > CLEARING > DEFENSE > WATCH > BUILDING > DEFENSE > CLEARING > DEFENSE > WATCH > CLEARING > DEFENSE > WATCH > CLEARING > DEFENSE > CLEARING > RELOAD > DEFENSE > WATCH > CLEARING > DEFENSE > WATCH > CLEARING > DEFENSE > WATCH > BUILDING > DEFENSE > CLEARING > DEFENSE > WATCH > BUILDING > DEFENSE > CLEARING > DEFENSE > WATCH > BUILDING > DEFENSE > WATCH > BUILDING > DEFENSE > CLEARING > DEFENSE > WATCH > CLEARING > DEFENSE > WATCH > CLEARING > DEFENSE > WATCH > CLEARING > DEFENSE > WATCH > CLEARING > DEFENSE > WATCH > BUILDING > DEFENSE > WATCH > RELOAD > WATCH > BUILDING > DEFENSE > CLEARING > DEFENSE > WATCH > CLEARING > DEFENSE > CLEARING > DEFENSE > WATCH > CLEARING > DEFENSE > WATCH > CLEARING > DEFENSE > WATCH > CLEARING > DEFENSE > WATCH > CLEARING > DEFENSE > CLEARING > DEFENSE > WATCH > CLEARING > DEFENSE > WATCH > CLEARING > DEFENSE > WATCH > BUILDING > DEFENSE > CLEARING > DEFENSE > WATCH > BUILDING > DEFENSE > BUILDING > RELOAD > DEFENSE > CLEARING > DEFENSE > CLEARING > DEFENSE > CLEARING > RELOAD > DEFENSE > WATCH > CLEARING > DEFENSE > WATCH > CLEARING > DEFENSE > WATCH > BUILDING > DEFENSE > CLEARING > DEFENSE > WATCH > BUILDING > DEFENSE > WATCH > CLEARING > DEFENSE > WATCH > CLEARING > DEFENSE > WATCH > BUILDING > DEFENSE > CLEARING > DEFENSE > WATCH > RELOAD > BUILDING > DEFENSE > WATCH > CLEARING > DEFENSE > CLEARING > DEFENSE > WATCH > CLEARING > DEFENSE > WATCH > CLEARING > DEFENSE > WATCH > CLEARING > DEFENSE > WATCH > CLEARING > DEFENSE > WATCH > RELOAD > BUILDING > DEFENSE > CLEARING > DEFENSE > WATCH > BUILDING > DEFENSE > WATCH > BUILDING > DEFENSE > CLEARING > DEFENSE > WATCH > BUILDING > DEFENSE > WATCH > CLEARING > DEFENSE > WATCH > BUILDING > DEFENSE > WATCH > BUILDING > DEFENSE > CLEARING > DEFENSE > WATCH > CLEARING > DEFENSE > WATCH > CLEARING > DEFENSE > WATCH > BUILDING > DEFENSE > WATCH > CLEARING > DEFENSE > WATCH > CLEARING > DEFENSE > WATCH > RELOAD > WATCH > CLEARING > DEFENSE > CLEARING > DEFENSE > CLEARING > DEFENSE > WATCH > RELOAD > BUILDING > DEFENSE > CLEARING > DEFENSE > CLEARING > DEFENSE > WATCH > CLEARING > DEFENSE > CLEARING > DEFENSE > CLEARING > DEFENSE > CLEARING > DEFENSE > CLEARING > DEFENSE > CLEARING > DEFENSE > BUILDING > DEFENSE > RELOAD > DEFENSE > CLEARING > DEFENSE > CLEARING > DEFENSE > CLEARING > DEFENSE > CLEARING > DEFENSE > CLEARING > DEFENSE > CLEARING > DEFENSE > CLEARING > DEFENSE > CLEARING > DEFENSE > ACCEPTED,N4_REPEATED_RELOAD_DEFENSE,24328.75,16.150000000001455,-7.700000000000728,False
